1564802822610869760,0.69844,-0.30381,0.00045,0.11434,0.73278,-0.10879,0.66191,
1564802823210619904,0.78535,-0.32672,-0.00457,0.11630,0.73274,-0.11109,0.66123,
1564802828608380160,0.88973,-0.49683,-0.00889,0.16183,0.72210,-0.15070,0.65549,
1564802829807889920,0.97546,-0.57463,-0.00993,0.17947,0.71574,-0.16753,0.65378,
1564802830607549952,1.02272,-0.66699,-0.00805,0.20093,0.71014,-0.18675,0.64842,
1564802831607140096,1.06726,-0.82078,0.00046,0.23699,0.69813,-0.22074,0.63853,
1564802832606729984,1.16005,-0.89410,-0.00278,0.23974,0.69910,-0.22219,0.63594,
1564802833806230016,1.39394,-0.80627,-0.01717,0.17276,0.71918,-0.16189,0.65324,
1564802834805819904,1.52957,-0.85913,-0.01982,0.16951,0.72050,-0.15898,0.65336,
1564802835805399808,1.64445,-0.91175,-0.02185,0.17093,0.72084,-0.16066,0.65219,
1564802836804989952,1.75652,-0.95443,-0.02289,0.16794,0.72198,-0.15849,0.65224,
1564802838004489984,1.90132,-1.01854,-0.02481,0.16584,0.72324,-0.15724,0.65169,
1564802839004080128,2.03403,-1.07595,-0.02623,0.16575,0.72383,-0.15691,0.65113,
1564802840003660032,2.13830,-1.12909,-0.02851,0.16654,0.72408,-0.15809,0.65038,
1564802841003249920,2.28027,-1.18553,-0.03244,0.16765,0.72446,-0.15836,0.64959,
1564802841802920192,2.38594,-1.23360,-0.03700,0.16609,0.72477,-0.15914,0.64946,
1564802842602590208,2.49267,-1.27389,-0.04165,0.16586,0.72487,-0.15789,0.64971,
1564802843402249984,2.60755,-1.31529,-0.04512,0.16268,0.72565,-0.15523,0.65029,
1564802844002010112,2.71289,-1.34647,-0.04785,0.16261,0.72558,-0.15395,0.65068,
1564802844601760000,2.82143,-1.37331,-0.05093,0.16138,0.72574,-0.15206,0.65126,
1564802845201509888,2.91759,-1.39742,-0.05343,0.15871,0.72627,-0.14917,0.65199,
1564802845801260032,3.02409,-1.43332,-0.05443,0.15729,0.72639,-0.14823,0.65241,
1564802846401009920,3.12502,-1.46621,-0.05627,0.15561,0.72636,-0.14744,0.65303,
1564802847000760064,3.21516,-1.50279,-0.05636,0.15792,0.72612,-0.14902,0.65238,
1564802847600519936,3.31075,-1.55139,-0.05575,0.16140,0.72544,-0.15189,0.65163,
1564802848200269824,3.40282,-1.58129,-0.05613,0.16077,0.72569,-0.15107,0.65169,
1564802848600100096,3.47929,-1.60964,-0.05753,0.16013,0.72594,-0.14982,0.65187,
1564802848999939840,3.55012,-1.63744,-0.05844,0.15995,0.72593,-0.14949,0.65199,
1564802849399770112,3.62518,-1.66675,-0.05923,0.15863,0.72611,-0.14861,0.65232,
1564802849799609856,3.69890,-1.68866,-0.05971,0.15619,0.72655,-0.14618,0.65296,
1564802850199440128,3.78222,-1.70680,-0.06038,0.15158,0.72726,-0.14166,0.65425,
1564802850599270144,3.85951,-1.72980,-0.06100,0.15004,0.72743,-0.13979,0.65482,
1564802850999109888,3.93009,-1.74747,-0.06159,0.14790,0.72745,-0.13771,0.65572,
1564802851398940160,4.00336,-1.77088,-0.06162,0.14782,0.72742,-0.13711,0.65590,
1564802851798779904,4.07301,-1.79458,-0.06165,0.14912,0.72727,-0.13751,0.65569,
1564802852398530048,4.15910,-1.82094,-0.06099,0.14844,0.72731,-0.13595,0.65613,
1564802852998279936,4.24605,-1.84875,-0.06063,0.14874,0.72723,-0.13571,0.65620,
1564802853598030080,4.32785,-1.87606,-0.05971,0.14825,0.72691,-0.13517,0.65677,
1564802854197779968,4.40862,-1.90144,-0.05848,0.14663,0.72703,-0.13351,0.65734,
1564802854797529856,4.48326,-1.92490,-0.05694,0.14644,0.72697,-0.13259,0.65764,
1564802855397289984,4.55260,-1.94952,-0.05558,0.14615,0.72689,-0.13269,0.65777,
1564802855997040128,4.62454,-1.97401,-0.05497,0.14559,0.72688,-0.13186,0.65807,
1564802856596790016,4.70529,-1.99620,-0.05570,0.14353,0.72691,-0.12965,0.65893,
1564802856996620032,4.77024,-2.01515,-0.05672,0.14173,0.72706,-0.12803,0.65947,
1564802857396460032,4.83877,-2.03644,-0.05725,0.14047,0.72719,-0.12699,0.65979,
1564802857996210176,4.93010,-2.06634,-0.05700,0.14024,0.72676,-0.12694,0.66033,
1564802858396039936,5.00161,-2.08941,-0.05745,0.14057,0.72642,-0.12690,0.66064,
1564802858795880192,5.06936,-2.11296,-0.05750,0.14192,0.72601,-0.12774,0.66064,
1564802859195709952,5.13213,-2.13525,-0.05776,0.14265,0.72569,-0.12856,0.66067,
1564802859595549952,5.20363,-2.15833,-0.05815,0.14274,0.72574,-0.12844,0.66063,
1564802859995379968,5.27806,-2.18318,-0.05823,0.14323,0.72599,-0.12826,0.66028,
1564802860595140096,5.36556,-2.21165,-0.05772,0.14327,0.72630,-0.12801,0.65999,
1564802861194889984,5.45775,-2.23853,-0.05925,0.14187,0.72705,-0.12656,0.65974,
1564802861794640128,5.54723,-2.26476,-0.06000,0.14141,0.72743,-0.12545,0.65963,
1564802862394390016,5.62403,-2.28724,-0.06032,0.14040,0.72775,-0.12467,0.65964,
1564802862994139904,5.70880,-2.31173,-0.06014,0.14017,0.72811,-0.12388,0.65944,
1564802863593890048,5.78706,-2.33575,-0.06046,0.13933,0.72859,-0.12345,0.65917,
1564802864393559808,5.89096,-2.36864,-0.06018,0.13891,0.72889,-0.12332,0.65895,
1564802865193229824,6.00403,-2.40691,-0.06071,0.13832,0.72912,-0.12339,0.65881,
1564802865992899840,6.11788,-2.44752,-0.06167,0.13791,0.72932,-0.12368,0.65862,
1564802866792570112,6.21771,-2.48376,-0.06144,0.13808,0.72903,-0.12414,0.65882,
1564802867592240128,6.32111,-2.52160,-0.06248,0.13849,0.72898,-0.12440,0.65874,
1564802868191990016,6.41603,-2.55673,-0.06197,0.13921,0.72872,-0.12553,0.65865,
1564802868591820032,6.47988,-2.58159,-0.06252,0.13989,0.72877,-0.12617,0.65834,
1564802869191569920,6.57104,-2.61992,-0.06272,0.14162,0.72839,-0.12779,0.65808,
1564802869791320064,6.66399,-2.65519,-0.06207,0.14182,0.72815,-0.12815,0.65823,
1564802870391079936,6.76651,-2.68850,-0.06207,0.14129,0.72840,-0.12730,0.65823,
1564802870990829824,6.86498,-2.72331,-0.06239,0.14094,0.72859,-0.12716,0.65812,
1564802871590579968,6.95852,-2.75618,-0.06141,0.14071,0.72849,-0.12706,0.65830,
1564802872190330112,7.04028,-2.78952,-0.06132,0.14139,0.72798,-0.12828,0.65848,
1564802872790080000,7.12408,-2.82371,-0.06050,0.14297,0.72733,-0.12980,0.65857,
1564802873389839872,7.22225,-2.86183,-0.05993,0.14384,0.72693,-0.13050,0.65868,
1564802873989590016,7.30869,-2.89489,-0.05969,0.14332,0.72695,-0.13070,0.65872,
1564802874789249792,7.39924,-2.92911,-0.05758,0.14295,0.72650,-0.13059,0.65932,
1564802875588920064,7.48479,-2.96304,-0.05684,0.14295,0.72606,-0.13101,0.65973,
1564802876388590080,7.58724,-3.00269,-0.05406,0.14437,0.72554,-0.13184,0.65982,
1564802876988339968,7.67433,-3.03650,-0.05280,0.14477,0.72519,-0.13209,0.66008,
1564802877588089856,7.76047,-3.07000,-0.05297,0.14494,0.72531,-0.13240,0.65983,
1564802878187849984,7.84425,-3.10328,-0.05252,0.14537,0.72492,-0.13295,0.66007,
1564802878787600128,7.91869,-3.13293,-0.05191,0.14604,0.72454,-0.13362,0.66020,
1564802879387350016,7.99116,-3.16311,-0.05176,0.14776,0.72416,-0.13525,0.65990,
1564802879987099904,8.06961,-3.19230,-0.05001,0.14875,0.72365,-0.13584,0.66012,
1564802880586850048,8.14643,-3.22335,-0.04943,0.14907,0.72344,-0.13617,0.66020,
1564802881186599936,8.21496,-3.24884,-0.04849,0.14926,0.72370,-0.13635,0.65984,
1564802881786360064,8.29087,-3.28071,-0.04785,0.14992,0.72339,-0.13700,0.65989,
1564802882586030080,8.38311,-3.31831,-0.04786,0.15123,0.72303,-0.13804,0.65978,
1564802883185779968,8.47250,-3.35813,-0.04884,0.15111,0.72329,-0.13883,0.65935,
1564802883985449984,8.56934,-3.40147,-0.04794,0.15102,0.72338,-0.13953,0.65912,
1564802884585200128,8.63959,-3.43125,-0.04778,0.15132,0.72345,-0.14003,0.65887,
1564802885384870144,8.72726,-3.46903,-0.04853,0.15115,0.72386,-0.14039,0.65839,
1564802885984620032,8.80594,-3.50218,-0.04809,0.15160,0.72371,-0.14096,0.65833,
1564802886584369920,8.88422,-3.53449,-0.04770,0.15192,0.72365,-0.14126,0.65826,
1564802887184120064,8.96627,-3.56951,-0.04936,0.15229,0.72400,-0.14204,0.65761,
1564802887783869952,9.04714,-3.60346,-0.04843,0.15251,0.72404,-0.14239,0.65744,
1564802888383620096,9.12654,-3.63737,-0.04941,0.15277,0.72424,-0.14268,0.65710,
1564802888983379968,9.20479,-3.67153,-0.05031,0.15318,0.72453,-0.14331,0.65654,
1564802889583129856,9.27947,-3.70352,-0.04933,0.15335,0.72485,-0.14319,0.65619,
1564802890182880000,9.35673,-3.73609,-0.05009,0.15327,0.72503,-0.14326,0.65598,
1564802890782629888,9.43011,-3.76404,-0.05163,0.15332,0.72538,-0.14300,0.65564,
1564802891382380032,9.51395,-3.79474,-0.05202,0.15292,0.72568,-0.14280,0.65544,
1564802891982130176,9.59977,-3.82606,-0.05385,0.15289,0.72580,-0.14210,0.65547,
1564802892581880064,9.69039,-3.86050,-0.05361,0.15130,0.72625,-0.14092,0.65560,
1564802893181639936,9.77335,-3.89359,-0.05381,0.14987,0.72627,-0.14050,0.65600,
1564802893781389824,9.85190,-3.92171,-0.05331,0.14908,0.72635,-0.13981,0.65624,
1564802894181220096,9.91217,-3.94336,-0.05323,0.14818,0.72636,-0.13947,0.65650,
1564802894581059840,9.97664,-3.96662,-0.05373,0.14770,0.72659,-0.13923,0.65640,
1564802894980890112,10.04519,-3.99239,-0.05509,0.14697,0.72670,-0.13914,0.65647,
1564802895380729856,10.11633,-4.01809,-0.05629,0.14654,0.72676,-0.13905,0.65652,
1564802895780560128,10.19139,-4.04312,-0.05757,0.14606,0.72714,-0.13861,0.65629,
1564802896180399872,10.26093,-4.06588,-0.05877,0.14606,0.72737,-0.13781,0.65621,
1564802896780150016,10.35940,-4.09687,-0.06000,0.14544,0.72760,-0.13655,0.65635,
1564802897179980032,10.43000,-4.12173,-0.06085,0.14463,0.72780,-0.13605,0.65641,
1564802897779730176,10.53485,-4.15597,-0.06143,0.14484,0.72796,-0.13509,0.65639,
1564802898179569920,10.60611,-4.18002,-0.06232,0.14516,0.72814,-0.13491,0.65616,
1564802898579399936,10.67655,-4.20466,-0.06299,0.14495,0.72839,-0.13445,0.65602,
1564802899179150080,10.78114,-4.24384,-0.06382,0.14531,0.72825,-0.13505,0.65597,
1564802899778899968,10.88159,-4.28057,-0.06483,0.14515,0.72812,-0.13454,0.65625,
1564802900178739968,10.95638,-4.30965,-0.06631,0.14499,0.72837,-0.13487,0.65594,
1564802900778490112,11.05337,-4.34658,-0.06682,0.14474,0.72873,-0.13499,0.65558,
1564802901378240000,11.14801,-4.38428,-0.06667,0.14472,0.72861,-0.13551,0.65561,
1564802901977989888,11.24354,-4.42477,-0.06709,0.14478,0.72827,-0.13600,0.65587,
1564802902577750016,11.34696,-4.46889,-0.06823,0.14478,0.72784,-0.13654,0.65624,
1564802903177499904,11.45703,-4.51530,-0.06954,0.14512,0.72780,-0.13680,0.65615,
1564802903777250048,11.56499,-4.55861,-0.07106,0.14593,0.72775,-0.13690,0.65600,
1564802904377000192,11.67576,-4.60381,-0.07306,0.14609,0.72821,-0.13703,0.65544,
1564802904976749824,11.79142,-4.65217,-0.07521,0.14706,0.72796,-0.13801,0.65529,
1564802905576499968,11.89719,-4.69273,-0.07557,0.14749,0.72790,-0.13799,0.65527,
1564802906176260096,12.00279,-4.73154,-0.07536,0.14679,0.72806,-0.13758,0.65533,
1564802906776009984,12.10894,-4.77189,-0.07674,0.14762,0.72781,-0.13786,0.65536,
1564802907575680000,12.24477,-4.82753,-0.07668,0.14679,0.72779,-0.13784,0.65557,
1564802908375340032,12.36682,-4.87803,-0.07853,0.14762,0.72695,-0.13896,0.65608,
1564802909175010048,12.49810,-4.93474,-0.08141,0.14777,0.72678,-0.13999,0.65602,
1564802909774759936,12.60467,-4.98172,-0.08513,0.14854,0.72681,-0.14051,0.65570,
1564802910374520064,12.70369,-5.02602,-0.08763,0.14932,0.72679,-0.14103,0.65543,
1564802911174190080,12.82578,-5.07806,-0.08800,0.14982,0.72644,-0.14123,0.65567,
1564802911773939968,12.92901,-5.12431,-0.09012,0.15034,0.72623,-0.14169,0.65567,
1564802912373689856,13.03448,-5.16909,-0.09076,0.15098,0.72589,-0.14201,0.65583,
1564802912973440000,13.12992,-5.20742,-0.09029,0.15173,0.72570,-0.14198,0.65588,
1564802913573189888,13.22467,-5.24802,-0.09103,0.15244,0.72535,-0.14259,0.65597,
1564802914172940032,13.31349,-5.28181,-0.08941,0.15335,0.72499,-0.14265,0.65615,
1564802914772700160,13.41372,-5.32758,-0.09050,0.15372,0.72497,-0.14320,0.65596,
1564802915372450048,13.49756,-5.36381,-0.08967,0.15365,0.72487,-0.14352,0.65601,
1564802915972199936,13.57716,-5.39703,-0.08786,0.15331,0.72478,-0.14417,0.65605,
1564802916571950080,13.66783,-5.43394,-0.08766,0.15326,0.72476,-0.14450,0.65602,
1564802917171699968,13.76233,-5.47174,-0.08683,0.15340,0.72443,-0.14456,0.65633,
1564802917771450112,13.85919,-5.50997,-0.08519,0.15417,0.72407,-0.14452,0.65655,
1564802918371200000,13.95147,-5.54815,-0.08386,0.15503,0.72394,-0.14510,0.65637,
1564802919170870016,14.05949,-5.59689,-0.08176,0.15566,0.72364,-0.14611,0.65633,
1564802919970540032,14.16393,-5.64903,-0.08065,0.15729,0.72305,-0.14808,0.65615,
1564802920770210048,14.26784,-5.69999,-0.08006,0.15939,0.72217,-0.14965,0.65625,
1564802921569880064,14.35938,-5.74508,-0.07730,0.16099,0.72193,-0.15103,0.65582,
1564802922369550080,14.44309,-5.78833,-0.07602,0.16323,0.72137,-0.15293,0.65543,
1564802923169220096,14.53605,-5.83671,-0.07625,0.16551,0.72074,-0.15439,0.65522,
1564802923968889856,14.63854,-5.89372,-0.07483,0.16709,0.72060,-0.15709,0.65433,
1564802924768549888,14.73290,-5.94702,-0.07620,0.16803,0.72030,-0.15878,0.65400,
1564802925568219904,14.83131,-6.00626,-0.07836,0.16900,0.71963,-0.16094,0.65397,
1564802926167980032,14.92090,-6.05456,-0.08134,0.16988,0.71925,-0.16183,0.65393,
1564802926967639808,15.04528,-6.12155,-0.08222,0.17280,0.71893,-0.16399,0.65298,
1564802927567399936,15.12753,-6.16774,-0.08438,0.17370,0.71900,-0.16465,0.65250,
1564802928367059968,15.23301,-6.22592,-0.08789,0.17449,0.71898,-0.16562,0.65207,
1564802928966820096,15.30911,-6.27053,-0.08833,0.17531,0.71880,-0.16699,0.65170,
1564802929766489856,15.40202,-6.32221,-0.08750,0.17580,0.71862,-0.16826,0.65144,
1564802930566149888,15.48685,-6.36737,-0.08651,0.17626,0.71855,-0.16910,0.65117,
1564802931365819904,15.57363,-6.41532,-0.08817,0.17641,0.71861,-0.16960,0.65093,
1564802932165489920,15.66986,-6.46767,-0.09017,0.17599,0.71907,-0.16934,0.65060,
1564802932765240064,15.75112,-6.50446,-0.08952,0.17542,0.71971,-0.16832,0.65032,
1564802933364999936,15.84354,-6.54948,-0.09141,0.17421,0.72028,-0.16771,0.65017,
1564802933964750080,15.93832,-6.59372,-0.09258,0.17311,0.72057,-0.16704,0.65032,
1564802934364579840,16.01181,-6.62631,-0.09457,0.17166,0.72108,-0.16624,0.65034,
1564802934764410112,16.08707,-6.65649,-0.09484,0.16999,0.72157,-0.16496,0.65056,
1564802935164249856,16.16409,-6.68838,-0.09627,0.16849,0.72188,-0.16375,0.65091,
1564802935564079872,16.23527,-6.71333,-0.09681,0.16708,0.72248,-0.16169,0.65113,
1564802935963920128,16.31176,-6.74038,-0.09812,0.16620,0.72313,-0.16008,0.65103,
1564802936363749888,16.38447,-6.76633,-0.09788,0.16572,0.72336,-0.15912,0.65113,
1564802936763590144,16.45512,-6.79262,-0.09896,0.16540,0.72369,-0.15820,0.65107,
1564802937163419904,16.53093,-6.82341,-0.10010,0.16546,0.72398,-0.15818,0.65073,
1564802937563260160,16.60807,-6.85185,-0.10043,0.16516,0.72442,-0.15742,0.65050,
1564802937963089920,16.67869,-6.88101,-0.10101,0.16575,0.72462,-0.15763,0.65009,
1564802938562840064,16.77670,-6.92343,-0.10223,0.16515,0.72497,-0.15728,0.64993,
1564802938962680064,16.84711,-6.95437,-0.10351,0.16421,0.72528,-0.15691,0.64991,
1564802939362510080,16.91183,-6.98080,-0.10474,0.16296,0.72554,-0.15552,0.65027,
1564802939762350080,16.98268,-7.00776,-0.10552,0.16087,0.72615,-0.15359,0.65056,
1564802940162179840,17.05764,-7.03847,-0.10621,0.15930,0.72662,-0.15254,0.65068,
1564802940562010112,17.12562,-7.06824,-0.10704,0.15959,0.72644,-0.15243,0.65083,
1564802940961849856,17.19213,-7.09765,-0.10718,0.15897,0.72621,-0.15185,0.65137,
1564802941361680128,17.26477,-7.12750,-0.10663,0.15760,0.72605,-0.15090,0.65211,
1564802941761519872,17.34153,-7.15635,-0.10588,0.15637,0.72589,-0.14957,0.65289,
1564802942161349888,17.41876,-7.18225,-0.10433,0.15559,0.72574,-0.14825,0.65354,
1564802942561189888,17.49787,-7.20955,-0.10292,0.15429,0.72613,-0.14696,0.65371,
1564802942961019904,17.57790,-7.23655,-0.10125,0.15361,0.72633,-0.14582,0.65390,
1564802943360860160,17.65502,-7.26000,-0.09940,0.15189,0.72655,-0.14355,0.65456,
1564802943760689920,17.72998,-7.28322,-0.09905,0.15060,0.72666,-0.14189,0.65510,
1564802944160520192,17.80231,-7.30467,-0.09851,0.14933,0.72654,-0.14034,0.65585,
1564802944560359936,17.87386,-7.32334,-0.09856,0.14827,0.72646,-0.13855,0.65657,
1564802944960189952,17.94696,-7.34625,-0.09854,0.14770,0.72638,-0.13734,0.65703,
1564802945360029952,18.01394,-7.36723,-0.09891,0.14725,0.72632,-0.13652,0.65738,
1564802945759859968,18.07962,-7.38862,-0.09875,0.14615,0.72620,-0.13568,0.65793,
1564802946159699968,18.14916,-7.41136,-0.09949,0.14501,0.72602,-0.13441,0.65864,
1564802946559529984,18.22352,-7.43451,-0.09962,0.14361,0.72600,-0.13316,0.65922,
1564802946959369984,18.29663,-7.45773,-0.09911,0.14213,0.72626,-0.13212,0.65946,
1564802947559119872,18.39398,-7.48887,-0.09628,0.14112,0.72641,-0.13090,0.65975,
1564802948158870016,18.48865,-7.52398,-0.09240,0.14040,0.72622,-0.13111,0.66008,
1564802948758619904,18.57386,-7.55578,-0.09105,0.14022,0.72603,-0.13133,0.66028,
1564802949358370048,18.66189,-7.58812,-0.08944,0.14028,0.72575,-0.13156,0.66053,
1564802949958120192,18.74824,-7.62008,-0.08843,0.14051,0.72563,-0.13170,0.66058,
1564802950557879808,18.82696,-7.65071,-0.08845,0.14091,0.72527,-0.13173,0.66089,
1564802951157629952,18.90595,-7.68240,-0.08736,0.14138,0.72498,-0.13209,0.66104,
1564802951757380096,18.98403,-7.71834,-0.08583,0.14340,0.72443,-0.13280,0.66106,
1564802952557050112,19.05927,-7.75147,-0.08400,0.14484,0.72401,-0.13319,0.66113,
1564802953356719872,19.15598,-7.79906,-0.08511,0.14583,0.72389,-0.13526,0.66062,
1564802954156389888,19.25122,-7.84285,-0.08734,0.14709,0.72393,-0.13683,0.65997,
1564802955155970048,19.37160,-7.89417,-0.08642,0.14670,0.72346,-0.13695,0.66055,
1564802955955640064,19.48883,-7.94297,-0.08719,0.14658,0.72364,-0.13712,0.66035,
1564802956555389952,19.58194,-7.97792,-0.08750,0.14694,0.72421,-0.13683,0.65970,
1564802957155139840,19.67290,-8.01518,-0.08622,0.14654,0.72422,-0.13717,0.65971,
1564802957754889984,19.77459,-8.05369,-0.08655,0.14641,0.72448,-0.13695,0.65949,
1564802958354650112,19.86636,-8.08216,-0.08535,0.14625,0.72475,-0.13613,0.65941,
1564802958954400000,19.96752,-8.11898,-0.08509,0.14642,0.72550,-0.13653,0.65846,
1564802959554150144,20.05890,-8.15365,-0.08496,0.14663,0.72584,-0.13642,0.65806,
1564802960353820160,20.17093,-8.19971,-0.08638,0.14705,0.72632,-0.13695,0.65732,
1564802960953569792,20.25700,-8.23287,-0.08569,0.14762,0.72674,-0.13683,0.65676,
1564802961753240064,20.33376,-8.26259,-0.08288,0.14844,0.72744,-0.13622,0.65593,
1564802962552910080,20.43971,-8.30463,-0.08388,0.14730,0.72744,-0.13580,0.65628,
1564802963352580096,20.55493,-8.35258,-0.08444,0.14659,0.72768,-0.13628,0.65606,
1564802964152240128,20.68261,-8.40278,-0.08699,0.14573,0.72779,-0.13603,0.65618,
1564802964752000000,20.76073,-8.43364,-0.09211,0.14549,0.72802,-0.13631,0.65593,
1564802965551670016,20.89047,-8.48555,-0.09389,0.14650,0.72736,-0.13554,0.65659,
1564802966151420160,20.97111,-8.51742,-0.09441,0.14643,0.72717,-0.13562,0.65681,
1564802966751169792,21.08310,-8.56274,-0.09433,0.14656,0.72678,-0.13487,0.65736,
1564802967550839808,21.21193,-8.61205,-0.09101,0.14724,0.72638,-0.13480,0.65766,
1564802968150589952,21.31293,-8.64648,-0.08959,0.14720,0.72628,-0.13366,0.65802,
1564802968750340096,21.41599,-8.68561,-0.08814,0.14642,0.72624,-0.13292,0.65838,
1564802969550009856,21.53814,-8.72794,-0.08475,0.14580,0.72629,-0.13154,0.65874,
1564802970149760000,21.63768,-8.76348,-0.08324,0.14543,0.72633,-0.13068,0.65896,
1564802971349260032,21.84505,-8.83927,-0.08438,0.14337,0.72639,-0.12955,0.65956,
1564802971949019904,21.96645,-8.88423,-0.08718,0.14184,0.72688,-0.12902,0.65945,
1564802972748689920,22.11279,-8.93513,-0.08661,0.14078,0.72725,-0.12823,0.65943,
1564802973348439808,22.21955,-8.97554,-0.08776,0.13960,0.72734,-0.12776,0.65966,
1564802973948189952,22.31493,-9.00692,-0.08779,0.13908,0.72749,-0.12693,0.65978,
1564802974547940096,22.40662,-9.03634,-0.08707,0.13891,0.72770,-0.12633,0.65970,
1564802975347610112,22.52965,-9.07901,-0.08890,0.13874,0.72816,-0.12509,0.65946,
1564802976147279872,22.64532,-9.12214,-0.09092,0.13848,0.72819,-0.12477,0.65954,
1564802976946949888,22.75132,-9.16122,-0.09088,0.13834,0.72822,-0.12448,0.65959,
1564802977746619904,22.84988,-9.19786,-0.09101,0.13845,0.72818,-0.12441,0.65963,
1564802978546289920,22.95444,-9.23919,-0.09136,0.13863,0.72811,-0.12470,0.65961,
1564802979146040064,23.04039,-9.27382,-0.08952,0.13887,0.72773,-0.12549,0.65983,
1564802979745789952,23.13284,-9.31436,-0.08772,0.13996,0.72697,-0.12702,0.66014,
1564802980345540096,23.23209,-9.35699,-0.08721,0.14066,0.72659,-0.12857,0.66012,
1564802980945289984,23.32982,-9.39976,-0.08658,0.14155,0.72597,-0.12987,0.66035,
1564802981545039872,23.42433,-9.44060,-0.08640,0.14206,0.72544,-0.13104,0.66059,
1564802982344710144,23.56251,-9.49818,-0.08704,0.14333,0.72525,-0.13194,0.66035,
1564802982944460032,23.66596,-9.54279,-0.08982,0.14393,0.72561,-0.13294,0.65963,
1564802983544219904,23.77250,-9.58575,-0.09182,0.14490,0.72583,-0.13306,0.65914,
1564802984143970048,23.86645,-9.62279,-0.09030,0.14545,0.72597,-0.13359,0.65876,
1564802984743719936,23.95464,-9.65867,-0.08935,0.14581,0.72606,-0.13416,0.65847,
1564802985543389952,24.05471,-9.70196,-0.08842,0.14663,0.72607,-0.13471,0.65817,
1564802986343059968,24.14969,-9.74608,-0.08872,0.14778,0.72596,-0.13577,0.65781,
1564802986942810112,24.22573,-9.78064,-0.08816,0.14918,0.72562,-0.13741,0.65752,
1564802987542560000,24.30787,-9.81839,-0.08856,0.14988,0.72526,-0.13805,0.65763,
1564802988142309888,24.39499,-9.85700,-0.08960,0.15002,0.72561,-0.13872,0.65707,
1564802988941979904,24.50858,-9.90741,-0.08934,0.15078,0.72582,-0.13965,0.65646,
1564802989541730048,24.59051,-9.94990,-0.08892,0.15121,0.72550,-0.14089,0.65646,
1564802990141479936,24.67694,-9.99311,-0.08938,0.15208,0.72518,-0.14215,0.65633,
1564802990741240064,24.76897,-10.03623,-0.08890,0.15384,0.72481,-0.14312,0.65613,
1564802991340989952,24.86266,-10.08630,-0.09105,0.15538,0.72436,-0.14463,0.65593,
1564802991940740096,24.96279,-10.13695,-0.09121,0.15694,0.72373,-0.14552,0.65605,
1564802992540489984,25.05249,-10.18573,-0.09287,0.15846,0.72341,-0.14730,0.65564,
1564802993140239872,25.13691,-10.22977,-0.09248,0.16042,0.72278,-0.14898,0.65548,
1564802993939909888,25.22822,-10.27457,-0.08971,0.16189,0.72230,-0.15042,0.65532,
1564802994739579904,25.31654,-10.31683,-0.08596,0.16272,0.72197,-0.15105,0.65533,
1564802995539249920,25.41285,-10.36333,-0.08785,0.16246,0.72161,-0.15102,0.65580,
1564802996139000064,25.49050,-10.40057,-0.09071,0.16247,0.72151,-0.15091,0.65594,
1564802996938669824,25.60153,-10.45817,-0.09342,0.16219,0.72158,-0.15157,0.65577,
1564802997738339840,25.71440,-10.51524,-0.09395,0.16235,0.72116,-0.15196,0.65610,
1564802998338089984,25.80749,-10.56070,-0.09349,0.16231,0.72105,-0.15212,0.65621,
1564802998937839872,25.90235,-10.60733,-0.09137,0.16252,0.72096,-0.15214,0.65625,
1564802999737509888,26.02173,-10.66088,-0.09098,0.16251,0.72099,-0.15180,0.65629,
1564803000337260032,26.10017,-10.69136,-0.09038,0.16298,0.72086,-0.15149,0.65639,
1564803001136930048,26.19985,-10.73221,-0.09049,0.16309,0.72082,-0.15115,0.65649,
1564803001936600064,26.30012,-10.77402,-0.08916,0.16255,0.72097,-0.14991,0.65674,
1564803002736269824,26.39005,-10.80834,-0.08685,0.16212,0.72157,-0.14844,0.65652,
1564803003535939840,26.48928,-10.84475,-0.08822,0.16104,0.72230,-0.14681,0.65635,
1564803004135689984,26.57626,-10.87973,-0.08900,0.15988,0.72331,-0.14653,0.65558,
1564803009733370112,26.64024,-10.91232,-0.09707,0.15847,0.72325,-0.14498,0.65633,
1564803010732960000,26.76031,-10.98386,-0.10403,0.15634,0.72371,-0.14409,0.65654,
1564803011532630016,26.85872,-11.02394,-0.10294,0.15509,0.72386,-0.14298,0.65691,
1564803012132379904,26.93642,-11.05203,-0.10215,0.15284,0.72390,-0.14166,0.65767,
1564803012932049920,27.04169,-11.08669,-0.09946,0.15127,0.72395,-0.13979,0.65839,
1564803013531800064,27.13577,-11.11763,-0.10095,0.15067,0.72420,-0.13804,0.65862,
1564803014131549952,27.22541,-11.15090,-0.09929,0.15033,0.72471,-0.13721,0.65831,
1564803014931219968,27.34691,-11.19082,-0.09927,0.15066,0.72497,-0.13662,0.65807,
1564803015530970112,27.42632,-11.22011,-0.10146,0.15033,0.72529,-0.13598,0.65792,
1564803016530560000,27.55042,-11.25910,-0.09867,0.15059,0.72557,-0.13538,0.65768,
1564803017330230016,27.65231,-11.29577,-0.09940,0.15040,0.72596,-0.13479,0.65741,
1564803018129900032,27.78056,-11.34535,-0.10086,0.14975,0.72682,-0.13346,0.65688,
1564803018729649920,27.89929,-11.38959,-0.10001,0.14872,0.72661,-0.13246,0.65755,
1564803019329400064,28.01908,-11.44065,-0.10290,0.14790,0.72668,-0.13264,0.65763,
1564803020129070080,28.15784,-11.49523,-0.10173,0.14756,0.72677,-0.13274,0.65758,
1564803020728819968,28.25250,-11.53514,-0.10228,0.14725,0.72680,-0.13302,0.65756,
1564803021328569856,28.35880,-11.57562,-0.10288,0.14699,0.72697,-0.13312,0.65741,
1564803022128240128,28.49594,-11.62568,-0.10269,0.14771,0.72722,-0.13328,0.65694,
1564803022727990016,28.60094,-11.66436,-0.10175,0.14789,0.72707,-0.13326,0.65707,
1564803023527659776,28.71954,-11.71133,-0.09906,0.14885,0.72698,-0.13411,0.65677,
1564803024327330048,28.83024,-11.75735,-0.09779,0.14956,0.72687,-0.13452,0.65665,
1564803025127000064,28.92901,-11.79981,-0.09687,0.15011,0.72692,-0.13519,0.65633,
1564803025926670080,29.05633,-11.85862,-0.09625,0.15088,0.72643,-0.13620,0.65649,
1564803026526420224,29.16614,-11.90550,-0.09564,0.15166,0.72585,-0.13740,0.65671,
1564803027126169856,29.28704,-11.96151,-0.09673,0.15170,0.72619,-0.13855,0.65608,
1564803027725920000,29.40352,-12.01480,-0.09799,0.15189,0.72609,-0.13894,0.65606,
1564803028325669888,29.50031,-12.05865,-0.09687,0.15239,0.72582,-0.13998,0.65602,
1564803028925420032,29.61394,-12.11254,-0.09725,0.15260,0.72522,-0.14086,0.65645,
1564803029525180160,29.71631,-12.15908,-0.09715,0.15285,0.72509,-0.14168,0.65636,
1564803030324840192,29.86342,-12.22309,-0.09400,0.15329,0.72506,-0.14238,0.65613,
1564803031124509952,29.98429,-12.27490,-0.09296,0.15362,0.72520,-0.14279,0.65582,
1564803031924179968,30.09259,-12.32421,-0.09136,0.15427,0.72510,-0.14305,0.65572,
1564803032723849984,30.19221,-12.37334,-0.09171,0.15477,0.72500,-0.14370,0.65557,
1564803033523520000,30.31098,-12.43023,-0.09144,0.15547,0.72477,-0.14467,0.65544,
1564803034123270144,30.40892,-12.47665,-0.09105,0.15611,0.72437,-0.14552,0.65555,
1564803034723020032,30.51823,-12.52631,-0.09135,0.15659,0.72437,-0.14628,0.65526,
1564803035322779904,30.62017,-12.57146,-0.08970,0.15714,0.72378,-0.14648,0.65574,
1564803035922530048,30.71338,-12.61509,-0.08916,0.15774,0.72328,-0.14717,0.65599,
1564803036522279936,30.81236,-12.66088,-0.08763,0.15791,0.72288,-0.14764,0.65628,
1564803037122030080,30.90086,-12.70307,-0.08662,0.15795,0.72281,-0.14832,0.65620,
1564803037521859840,30.96988,-12.73663,-0.08741,0.15809,0.72283,-0.14889,0.65602,
1564803037921700096,31.04027,-12.76743,-0.08754,0.15828,0.72277,-0.14853,0.65611,
1564803038521449984,31.13745,-12.80783,-0.08738,0.15814,0.72310,-0.14813,0.65588,
1564803038921289984,31.20353,-12.83713,-0.08723,0.15792,0.72320,-0.14806,0.65583,
1564803039521039872,31.28632,-12.87126,-0.08468,0.15799,0.72319,-0.14757,0.65594,
1564803040120790016,31.35682,-12.90198,-0.08416,0.15814,0.72316,-0.14733,0.65600,
1564803040720540160,31.42869,-12.93238,-0.08316,0.15817,0.72315,-0.14698,0.65607,
1564803041320290048,31.50729,-12.96639,-0.08251,0.15817,0.72280,-0.14702,0.65645,
1564803041720130048,31.56089,-12.99128,-0.08258,0.15816,0.72246,-0.14717,0.65680,
1564803042319879936,31.64608,-13.02799,-0.08285,0.15790,0.72223,-0.14726,0.65709,
1564803042919630080,31.73756,-13.06821,-0.08338,0.15790,0.72217,-0.14734,0.65714,
1564803043519379968,31.82103,-13.10686,-0.08414,0.15759,0.72203,-0.14732,0.65737,
1564803044119129856,31.89129,-13.14006,-0.08284,0.15723,0.72183,-0.14742,0.65765,
1564803044718880000,31.96809,-13.17285,-0.08286,0.15743,0.72167,-0.14729,0.65781,
1564803045518550016,32.06549,-13.21582,-0.08057,0.15758,0.72180,-0.14674,0.65776,
1564803046118309888,32.15167,-13.25373,-0.08088,0.15774,0.72163,-0.14646,0.65796,
1564803046917969920,32.25001,-13.29490,-0.07640,0.15800,0.72118,-0.14620,0.65845,
1564803047517730048,32.33725,-13.33190,-0.07411,0.15800,0.72106,-0.14620,0.65858,
1564803048117479936,32.43074,-13.36650,-0.07251,0.15817,0.72127,-0.14630,0.65829,
1564803048717230080,32.52260,-13.40290,-0.07490,0.15824,0.72203,-0.14611,0.65748,
1564803049316979968,32.62092,-13.44278,-0.07615,0.15852,0.72251,-0.14593,0.65693,
1564803049916729856,32.71092,-13.48279,-0.07805,0.15857,0.72269,-0.14621,0.65665,
1564803050516489984,32.80267,-13.52109,-0.07691,0.15771,0.72303,-0.14592,0.65656,
1564803050916320000,32.86204,-13.54640,-0.07696,0.15663,0.72341,-0.14551,0.65649,
1564803051516069888,32.94419,-13.57704,-0.07712,0.15581,0.72365,-0.14456,0.65662,
1564803052315740160,33.04781,-13.61795,-0.07676,0.15412,0.72370,-0.14326,0.65725,
1564803052915489792,33.11829,-13.64844,-0.07619,0.15294,0.72356,-0.14258,0.65783,
1564803053715159808,33.20573,-13.68131,-0.07592,0.15171,0.72344,-0.14196,0.65838,
1564803054314909952,33.27783,-13.70378,-0.07528,0.15107,0.72378,-0.14084,0.65839,
1564803054914660096,33.36136,-13.73740,-0.07912,0.15065,0.72435,-0.13978,0.65809,
1564803055514409984,33.44731,-13.77026,-0.08121,0.15039,0.72494,-0.13872,0.65772,
1564803056114170112,33.53326,-13.80365,-0.08244,0.15000,0.72538,-0.13821,0.65744,
1564803056713920000,33.61460,-13.83581,-0.08402,0.14930,0.72555,-0.13778,0.65750,
1564803057313669888,33.69374,-13.86539,-0.08331,0.14873,0.72563,-0.13693,0.65771,
1564803057713510144,33.75374,-13.88530,-0.08195,0.14824,0.72559,-0.13634,0.65800,
1564803058113339904,33.81790,-13.90770,-0.08065,0.14806,0.72528,-0.13587,0.65847,
1564803058513169920,33.88660,-13.93180,-0.07928,0.14756,0.72512,-0.13522,0.65890,
1564803058913009920,33.95249,-13.95478,-0.07755,0.14705,0.72476,-0.13450,0.65955,
1564803059312839936,34.01434,-13.97805,-0.07504,0.14634,0.72440,-0.13411,0.66019,
1564803059912590080,34.10387,-14.01228,-0.07243,0.14595,0.72409,-0.13408,0.66062,
1564803060712260096,34.20850,-14.05406,-0.07033,0.14667,0.72380,-0.13464,0.66066,
1564803061312019968,34.28264,-14.08259,-0.06842,0.14710,0.72368,-0.13514,0.66060,
1564803061911770112,34.35806,-14.11480,-0.06856,0.14736,0.72348,-0.13553,0.66068,
1564803062511520000,34.42903,-14.14453,-0.06906,0.14758,0.72381,-0.13570,0.66023,
1564803063311190016,34.51551,-14.18082,-0.06749,0.14787,0.72382,-0.13621,0.66005,
1564803064110860032,34.61307,-14.22325,-0.06746,0.14883,0.72350,-0.13654,0.66012,
1564803064710609920,34.69741,-14.25913,-0.06774,0.14988,0.72321,-0.13679,0.66015,
1564803065310360064,34.78242,-14.29821,-0.06842,0.15021,0.72295,-0.13724,0.66026,
1564803065910109952,34.85492,-14.33487,-0.06908,0.15086,0.72267,-0.13777,0.66031,
1564803066709779968,34.94886,-14.37734,-0.06824,0.15204,0.72245,-0.13799,0.66023,
1564803067309530112,35.01960,-14.40872,-0.06786,0.15274,0.72236,-0.13825,0.66012,
1564803068109200128,35.12106,-14.45205,-0.06763,0.15339,0.72231,-0.13882,0.65990,
1564803068908869888,35.22034,-14.50079,-0.06896,0.15362,0.72222,-0.13990,0.65971,
1564803069708539904,35.31587,-14.54627,-0.07340,0.15331,0.72286,-0.14070,0.65892,
1564803070508209920,35.41948,-14.59423,-0.07597,0.15324,0.72311,-0.14167,0.65845,
1564803071307879936,35.52709,-14.64853,-0.07960,0.15305,0.72309,-0.14360,0.65810,
1564803071907630080,35.63320,-14.69855,-0.08378,0.15418,0.72356,-0.14427,0.65717,
1564803072507379968,35.73750,-14.74753,-0.08593,0.15488,0.72418,-0.14528,0.65610,
1564803073107130112,35.85039,-14.79899,-0.08853,0.15551,0.72473,-0.14586,0.65522,
1564803074106720000,36.00438,-14.86623,-0.09026,0.15602,0.72565,-0.14643,0.65395,
1564803075106300160,36.13717,-14.92383,-0.08969,0.15624,0.72619,-0.14649,0.65328,
1564803076305809920,36.28634,-14.99113,-0.09141,0.15752,0.72630,-0.14723,0.65268,
1564803077305389824,36.42787,-15.06043,-0.09367,0.15840,0.72631,-0.14837,0.65220,
1564803078504900096,36.61450,-15.15301,-0.08716,0.15854,0.72610,-0.14987,0.65206,
1564803079304569856,36.75001,-15.22232,-0.08376,0.15807,0.72500,-0.15143,0.65304,
1564803080104229888,36.88533,-15.28963,-0.08654,0.15933,0.72397,-0.15255,0.65361,
1564803080703990016,37.01494,-15.35692,-0.08908,0.16034,0.72303,-0.15370,0.65414,
1564803081503660032,37.17361,-15.43239,-0.09363,0.16082,0.72283,-0.15376,0.65423,
1564803082303319808,37.32549,-15.49816,-0.09469,0.16101,0.72260,-0.15293,0.65462,
1564803083102989824,37.45638,-15.55612,-0.09586,0.16047,0.72279,-0.15210,0.65475,
1564803083902659840,37.59721,-15.61260,-0.09547,0.15953,0.72289,-0.15015,0.65532,
1564803084702330112,37.73992,-15.67142,-0.10030,0.15786,0.72332,-0.14858,0.65561,
1564803085302080000,37.85074,-15.71706,-0.10248,0.15636,0.72352,-0.14736,0.65602,
1564803085901829888,37.95247,-15.75869,-0.10305,0.15486,0.72353,-0.14640,0.65657,
1564803086501590016,38.05361,-15.80002,-0.10168,0.15364,0.72359,-0.14565,0.65696,
1564803087501169920,38.19202,-15.85145,-0.10010,0.15159,0.72378,-0.14400,0.65759,
1564803088100920064,38.28487,-15.88218,-0.09800,0.15038,0.72407,-0.14235,0.65791,
1564803088900589824,38.42339,-15.92885,-0.09727,0.14850,0.72510,-0.14037,0.65763,
1564803089700259840,38.56742,-15.97907,-0.09651,0.14802,0.72573,-0.13825,0.65749,
1564803090499929856,38.70325,-16.02679,-0.09830,0.14728,0.72635,-0.13653,0.65733,
1564803091299599872,38.83900,-16.07120,-0.09883,0.14686,0.72636,-0.13473,0.65778,
1564803092099270144,38.97410,-16.11805,-0.10007,0.14537,0.72675,-0.13326,0.65798,
1564803092898940160,39.11595,-16.16966,-0.10345,0.14356,0.72711,-0.13130,0.65838,
1564803093498689792,39.22743,-16.21063,-0.10503,0.14157,0.72715,-0.13006,0.65901,
1564803094298360064,39.36749,-16.25795,-0.10424,0.14046,0.72756,-0.12900,0.65900,
1564803095098030080,39.49218,-16.30430,-0.10671,0.13945,0.72797,-0.12832,0.65890,
1564803096097609984,39.64543,-16.36691,-0.10970,0.13926,0.72806,-0.12833,0.65884,
1564803097097199872,39.81979,-16.43849,-0.11098,0.14073,0.72776,-0.12901,0.65872,
1564803097896869888,39.95887,-16.49706,-0.11189,0.14186,0.72756,-0.12990,0.65853,
1564803098696540160,40.10562,-16.55206,-0.11044,0.14340,0.72731,-0.13034,0.65838,
1564803099896039936,40.29526,-16.62996,-0.11056,0.14436,0.72703,-0.13122,0.65831,
1564803100895629824,40.44626,-16.69631,-0.11094,0.14412,0.72645,-0.13260,0.65872,
1564803101895209984,40.60730,-16.76365,-0.10823,0.14464,0.72584,-0.13351,0.65909,
1564803103094720000,40.78242,-16.83340,-0.10678,0.14560,0.72515,-0.13440,0.65946,
1564803104294220032,40.93927,-16.89579,-0.10425,0.14532,0.72490,-0.13426,0.65983,
1564803105493720064,41.09359,-16.94880,-0.10301,0.14563,0.72460,-0.13306,0.66034,
1564803106493309952,41.23363,-17.00328,-0.10422,0.14469,0.72426,-0.13142,0.66124,
1564803107292979968,41.35682,-17.05662,-0.10640,0.14303,0.72430,-0.12921,0.66200,
1564803108092649984,41.48049,-17.10956,-0.10839,0.14110,0.72460,-0.12813,0.66229,
1564803109092230144,41.62438,-17.16264,-0.10969,0.13890,0.72498,-0.12595,0.66276,
1564803109891900160,41.74635,-17.21278,-0.11280,0.13584,0.72491,-0.12465,0.66372,
1564803110691569920,41.85677,-17.25331,-0.11200,0.13394,0.72492,-0.12320,0.66435,
1564803111891069952,42.00709,-17.30452,-0.11722,0.13148,0.72518,-0.12096,0.66498,
1564803113090579968,42.15944,-17.34758,-0.12123,0.13021,0.72571,-0.11983,0.66486,
1564803114090159872,42.28151,-17.38641,-0.12118,0.12911,0.72607,-0.11866,0.66489,
1564803115489580032,42.44734,-17.43479,-0.11829,0.12880,0.72659,-0.11737,0.66460,
1564803116689090048,42.60254,-17.48307,-0.11833,0.12878,0.72713,-0.11658,0.66416,
1564803117888590080,42.75731,-17.53979,-0.11944,0.12832,0.72716,-0.11639,0.66425,
1564803118888179968,42.90332,-17.58884,-0.12326,0.12825,0.72740,-0.11565,0.66412,
1564803119887759872,43.05076,-17.64131,-0.12348,0.12724,0.72739,-0.11526,0.66440,
1564803121287180032,43.23968,-17.71604,-0.12354,0.12582,0.72816,-0.11524,0.66383,
1564803122486690048,43.40539,-17.77786,-0.12046,0.12547,0.72853,-0.11510,0.66351,
1564803123686189824,43.59667,-17.84081,-0.12193,0.12471,0.72947,-0.11470,0.66270,
1564803124685779968,43.77177,-17.89540,-0.12078,0.12442,0.72995,-0.11419,0.66230,
1564803125485449984,43.92517,-17.94264,-0.12263,0.12459,0.73025,-0.11426,0.66193,
1564803126485029888,44.10182,-18.00381,-0.12623,0.12472,0.73046,-0.11511,0.66154,
1564803127484620032,44.26500,-18.05411,-0.12756,0.12582,0.73061,-0.11514,0.66115,
1564803128884040192,44.47778,-18.12971,-0.12425,0.12640,0.73064,-0.11550,0.66095,
1564803129883620096,44.64271,-18.18957,-0.12515,0.12635,0.73045,-0.11667,0.66096,
1564803130683290112,44.78006,-18.24226,-0.12618,0.12679,0.73029,-0.11763,0.66089,
1564803131682880000,44.94635,-18.30207,-0.12566,0.12807,0.72972,-0.11806,0.66118,
1564803132682470144,45.11613,-18.36684,-0.12521,0.12921,0.72873,-0.11871,0.66194,
1564803133682050048,45.28555,-18.43768,-0.12699,0.12944,0.72792,-0.12030,0.66249,
1564803134481720064,45.42760,-18.49494,-0.12663,0.12982,0.72742,-0.12102,0.66284,
1564803135481309952,45.59990,-18.56164,-0.12752,0.12985,0.72726,-0.12220,0.66280,
1564803136280980224,45.73352,-18.61317,-0.12870,0.13044,0.72714,-0.12269,0.66272,
1564803137280560128,45.89595,-18.67712,-0.12876,0.13075,0.72691,-0.12345,0.66277,
1564803138480070144,46.08108,-18.75045,-0.13149,0.13101,0.72693,-0.12435,0.66253,
1564803139679569920,46.26013,-18.81915,-0.13149,0.13196,0.72687,-0.12473,0.66233,
1564803140879069952,46.44344,-18.88519,-0.13134,0.13161,0.72708,-0.12407,0.66229,
1564803141878659840,46.58929,-18.93767,-0.13127,0.13035,0.72743,-0.12409,0.66216,
1564803143078160128,46.77139,-19.00819,-0.13421,0.12968,0.72762,-0.12328,0.66223,
1564803143877830144,46.90800,-19.06042,-0.13479,0.12970,0.72727,-0.12330,0.66261,
1564803145077330176,47.11015,-19.13513,-0.13336,0.13103,0.72719,-0.12469,0.66218,
1564803145877000192,47.24001,-19.18260,-0.13379,0.13235,0.72724,-0.12530,0.66175,
1564803146876590080,47.39968,-19.24524,-0.13379,0.13156,0.72768,-0.12556,0.66137,
1564803147876179968,47.56792,-19.29993,-0.13362,0.13148,0.72828,-0.12478,0.66087,
1564803148675849984,47.72265,-19.35145,-0.13364,0.13100,0.72851,-0.12402,0.66085,
1564803149475509760,47.86082,-19.39702,-0.13245,0.13009,0.72865,-0.12431,0.66082,
1564803150275180032,47.99796,-19.44675,-0.13438,0.13012,0.72853,-0.12400,0.66101,
1564803151074850048,48.12922,-19.49510,-0.13639,0.12964,0.72865,-0.12369,0.66104,
1564803151874520064,48.25617,-19.53282,-0.13030,0.12932,0.72884,-0.12262,0.66109,
1564803152674190080,48.39573,-19.58123,-0.12940,0.12902,0.72898,-0.12247,0.66101,
1564803153273939968,48.50863,-19.61948,-0.13017,0.12926,0.72923,-0.12195,0.66079,
1564803154073609984,48.65061,-19.66838,-0.13017,0.12919,0.72942,-0.12157,0.66066,
1564803154873280000,48.78325,-19.70854,-0.12866,0.12880,0.72944,-0.12089,0.66084,
1564803155672950016,48.92715,-19.76029,-0.13024,0.12880,0.72904,-0.12063,0.66134,
1564803156872450048,49.15156,-19.84878,-0.13012,0.12829,0.72891,-0.12010,0.66168,
1564803157672120064,49.30626,-19.90773,-0.13166,0.12810,0.72923,-0.11977,0.66142,
1564803159871209984,49.66732,-20.06741,-0.13144,0.13074,0.72856,-0.12393,0.66087,
1564803160870800128,49.86494,-20.14353,-0.13531,0.13442,0.72807,-0.12764,0.65997,
1564803162070300160,50.06646,-20.24017,-0.13199,0.13803,0.72754,-0.13121,0.65910,
1564803163869560064,50.34618,-20.37477,-0.13081,0.14107,0.72651,-0.13430,0.65897,
1564803166068640000,50.65737,-20.51254,-0.12891,0.14467,0.72443,-0.13681,0.65996,
1564803167667980032,50.94291,-20.65271,-0.12856,0.14649,0.72426,-0.14083,0.65891,
1564803168867490048,51.13561,-20.76802,-0.12465,0.14990,0.72261,-0.14706,0.65859,
1564803169467240192,51.24086,-20.84468,-0.12502,0.15580,0.72097,-0.15415,0.65739,
1564803170066989824,51.31895,-20.90804,-0.12447,0.16138,0.71971,-0.16007,0.65601,
1564803170666739968,51.37953,-20.97522,-0.12289,0.16849,0.71796,-0.16781,0.65421,
1564803171066579968,51.42178,-21.02425,-0.12302,0.17376,0.71634,-0.17360,0.65309,
1564803171666330112,51.47112,-21.08605,-0.12321,0.18069,0.71462,-0.18051,0.65122,
1564803172266080000,51.52669,-21.16308,-0.12479,0.18836,0.71240,-0.18960,0.64890,
1564803172665910016,51.56411,-21.22127,-0.12501,0.19435,0.71069,-0.19601,0.64710,
1564803173065749760,51.59253,-21.26841,-0.12487,0.19907,0.70953,-0.20081,0.64546,
1564803173865420032,51.62844,-21.34266,-0.12492,0.20494,0.70787,-0.20880,0.64290,
1564803174864999936,51.65349,-21.40325,-0.12483,0.20840,0.70668,-0.21386,0.64143,
1564803176064510208,51.68156,-21.46576,-0.12411,0.21274,0.70515,-0.21941,0.63982,
1564803176864179968,51.72721,-21.53137,-0.12667,0.21960,0.70306,-0.22655,0.63730,
1564803177264009984,51.76646,-21.58575,-0.12697,0.22495,0.70133,-0.23214,0.63533,
1564803177663840000,51.80417,-21.65765,-0.12632,0.23211,0.69887,-0.23960,0.63269,
1564803178063680000,51.84351,-21.74129,-0.12506,0.24131,0.69572,-0.24904,0.62906,
1564803178463510016,51.88935,-21.83489,-0.12532,0.24931,0.69232,-0.25833,0.62595,
1564803178663429888,51.91596,-21.88911,-0.12572,0.25325,0.69032,-0.26323,0.62453,
1564803178863350016,51.94717,-21.95157,-0.12446,0.25606,0.68863,-0.26763,0.62338,
1564803179063270144,51.97452,-22.01167,-0.12423,0.26063,0.68627,-0.27322,0.62166,
1564803179263180032,51.99560,-22.06757,-0.12291,0.26642,0.68363,-0.27899,0.61955,
1564803179463099904,52.01874,-22.12506,-0.12234,0.27134,0.68145,-0.28361,0.61771,
1564803179663019776,52.04525,-22.18745,-0.12393,0.27598,0.67946,-0.28820,0.61572,
1564803179862930176,52.06981,-22.25561,-0.12590,0.28154,0.67689,-0.29422,0.61318,
1564803180062850048,52.08888,-22.32344,-0.12813,0.28803,0.67384,-0.30151,0.60997,
1564803180262769920,52.10734,-22.39150,-0.12990,0.29444,0.67070,-0.30892,0.60666,
1564803180462690048,52.12504,-22.45985,-0.13099,0.30169,0.66736,-0.31589,0.60318,
1564803180662599936,52.14227,-22.52904,-0.13193,0.30723,0.66424,-0.32193,0.60063,
1564803180862520064,52.15736,-22.59545,-0.13202,0.31397,0.66086,-0.32821,0.59747,
1564803181062439936,52.17298,-22.66689,-0.13403,0.32051,0.65787,-0.33458,0.59375,
1564803181262360064,52.19016,-22.74717,-0.13630,0.32657,0.65481,-0.34114,0.59009,
1564803181462269952,52.20338,-22.82129,-0.13632,0.33221,0.65160,-0.34710,0.58701,
1564803181662190080,52.21264,-22.88845,-0.13633,0.33761,0.64819,-0.35307,0.58413,
1564803181862109952,52.21930,-22.95399,-0.13595,0.34253,0.64485,-0.35894,0.58137,
1564803182062020096,52.22718,-23.01876,-0.13512,0.34704,0.64160,-0.36427,0.57898,
1564803182261939968,52.23377,-23.07601,-0.13443,0.35204,0.63834,-0.36943,0.57629,
1564803182461859840,52.23974,-23.13471,-0.13429,0.35724,0.63504,-0.37489,0.57321,
1564803182661780224,52.24681,-23.19943,-0.13512,0.36237,0.63211,-0.38023,0.56969,
1564803182861690112,52.25269,-23.26389,-0.13581,0.36740,0.62888,-0.38556,0.56645,
1564803183061609984,52.25376,-23.33061,-0.13626,0.37217,0.62496,-0.39156,0.56356,
1564803183261529856,52.25413,-23.39513,-0.13613,0.37733,0.62113,-0.39726,0.56036,
1564803183461440000,52.25316,-23.45876,-0.13558,0.38226,0.61726,-0.40269,0.55741,
1564803183661360128,52.25226,-23.52340,-0.13538,0.38795,0.61346,-0.40796,0.55383,
1564803183861280000,52.25171,-23.59048,-0.13518,0.39275,0.61018,-0.41273,0.55053,
1564803184061199872,52.24852,-23.65553,-0.13547,0.39827,0.60651,-0.41842,0.54631,
1564803184261110016,52.24451,-23.71854,-0.13423,0.40315,0.60260,-0.42364,0.54302,
1564803184461029888,52.23946,-23.78129,-0.13401,0.40830,0.59852,-0.42863,0.53976,
1564803184660950016,52.23203,-23.84377,-0.13371,0.41376,0.59414,-0.43386,0.53625,
1564803184860869888,52.22258,-23.90632,-0.13335,0.41906,0.58971,-0.43915,0.53271,
1564803185060780032,52.21403,-23.96564,-0.13270,0.42472,0.58561,-0.44416,0.52858,
1564803185260699904,52.20708,-24.02252,-0.13192,0.42944,0.58240,-0.44823,0.52486,
1564803185460620032,52.20029,-24.07815,-0.13268,0.43350,0.57966,-0.45235,0.52100,
1564803185660530176,52.19097,-24.13430,-0.13392,0.43718,0.57661,-0.45679,0.51743,
1564803185860450048,52.17971,-24.19092,-0.13474,0.44081,0.57326,-0.46157,0.51381,
1564803186060369920,52.17090,-24.24560,-0.13747,0.44333,0.57029,-0.46601,0.51094,
1564803186260289792,52.15897,-24.29201,-0.13548,0.44577,0.56744,-0.46986,0.50846,
1564803186460200192,52.14782,-24.33834,-0.13587,0.44914,0.56409,-0.47391,0.50546,
1564803186660120064,52.13606,-24.38202,-0.13630,0.45322,0.56033,-0.47797,0.50217,
1564803186860039936,52.12280,-24.42848,-0.13959,0.45742,0.55672,-0.48174,0.49875,
1564803187059950080,52.11154,-24.47693,-0.13912,0.46110,0.55333,-0.48562,0.49536,
1564803187259869952,52.09664,-24.52908,-0.14116,0.46491,0.54964,-0.48978,0.49179,
1564803187459790080,52.08039,-24.58331,-0.14291,0.46877,0.54561,-0.49422,0.48818,
1564803187659709952,52.06406,-24.63946,-0.14388,0.47222,0.54174,-0.49839,0.48491,
1564803187859620096,52.04908,-24.69747,-0.14471,0.47543,0.53832,-0.50209,0.48176,
1564803188059539968,52.03061,-24.75813,-0.14583,0.47818,0.53470,-0.50618,0.47877,
1564803188259460096,52.01145,-24.81866,-0.14696,0.48082,0.53123,-0.51022,0.47569,
1564803188459379968,51.99050,-24.87907,-0.14801,0.48384,0.52721,-0.51448,0.47250,
1564803188659290112,51.97004,-24.94114,-0.14824,0.48706,0.52337,-0.51840,0.46917,
1564803188859209984,51.95107,-25.00207,-0.14823,-0.49013,-0.51969,0.52183,-0.46626,
1564803189059129856,51.93275,-25.06405,-0.14862,-0.49285,-0.51655,0.52484,-0.46349,
1564803189259040000,51.91551,-25.12693,-0.14914,-0.49542,-0.51393,0.52765,-0.46046,
1564803189458960128,51.89620,-25.19335,-0.14937,-0.49803,-0.51102,0.53041,-0.45771,
1564803189658880000,51.87818,-25.25961,-0.15012,0.50097,0.50821,-0.53326,0.45430,
1564803189858799872,51.85892,-25.32385,-0.15097,0.50350,0.50525,-0.53624,0.45129,
1564803190258630144,51.81709,-25.44865,-0.15122,0.50792,0.49911,-0.54191,0.44637,
1564803190658459904,51.77738,-25.58516,-0.15243,0.51173,0.49484,-0.54637,0.44129,
1564803191058299904,51.73745,-25.70632,-0.15171,0.51501,0.49010,-0.55077,0.43728,
1564803191458129920,51.70193,-25.82543,-0.15114,0.51813,0.48585,-0.55428,0.43391,
1564803191857969920,51.66996,-25.94414,-0.15027,0.52133,0.48280,-0.55711,0.42983,
1564803192257800192,51.63857,-26.06292,-0.14817,0.52495,0.48007,-0.55872,0.42636,
1564803192657639936,51.59674,-26.18171,-0.14813,0.52610,0.47635,-0.56211,0.42467,
1564803193057470208,51.56133,-26.30044,-0.14832,0.52766,0.47373,-0.56405,0.42307,
1564803193457309952,51.52971,-26.42555,-0.14702,0.52954,0.47191,-0.56490,0.42163,
1564803193857139968,51.49731,-26.56182,-0.14803,0.52924,0.47097,-0.56577,0.42190,
1564803194256979968,51.46932,-26.70670,-0.14873,0.52880,0.47142,-0.56534,0.42252,
1564803194656809984,51.44730,-26.84503,-0.14676,0.52877,0.47227,-0.56426,0.42305,
1564803195056640000,51.42712,-26.98222,-0.14559,0.52806,0.47327,-0.56371,0.42355,
1564803195456480000,51.40179,-27.12184,-0.14403,0.52667,0.47356,-0.56466,0.42371,
1564803195856310016,51.38183,-27.25084,-0.14176,0.52624,0.47377,-0.56474,0.42389,
1564803196256150016,51.36622,-27.38338,-0.14022,0.52591,0.47538,-0.56426,0.42314,
1564803196855900160,51.33137,-27.58013,-0.13934,0.52407,0.47614,-0.56429,0.42452,
1564803197255729920,51.31139,-27.72180,-0.14063,0.52327,0.47709,-0.56401,0.42481,
1564803197655569920,51.29167,-27.86003,-0.14256,0.52245,0.47887,-0.56306,0.42508,
1564803198055399936,51.27280,-27.98758,-0.14459,0.52151,0.48001,-0.56227,0.42600,
1564803198655160064,51.24142,-28.16474,-0.14305,0.52066,0.47989,-0.56188,0.42768,
1564803199254909952,51.21711,-28.31906,-0.14351,0.52017,0.48067,-0.56121,0.42828,
1564803200054579968,51.18084,-28.52905,-0.14823,0.51805,0.48141,-0.56165,0.42944,
1564803200654330112,51.15614,-28.69640,-0.14813,0.51835,0.48238,-0.56039,0.42964,
1564803201453999872,51.11294,-28.91127,-0.15267,0.51665,0.48298,-0.55969,0.43192,
1564803202253669888,51.07931,-29.11924,-0.15241,0.51603,0.48375,-0.55811,0.43384,
1564803202853420032,51.05908,-29.30462,-0.15297,0.51599,0.48531,-0.55653,0.43416,
1564803203653090048,51.02522,-29.51545,-0.15449,0.51500,0.48692,-0.55578,0.43449,
1564803204652669952,50.98537,-29.76222,-0.15191,0.51450,0.48640,-0.55556,0.43596,
1564803205452339968,50.96109,-29.97843,-0.14925,0.51503,0.48646,-0.55507,0.43589,
1564803206252009984,50.93220,-30.19236,-0.14685,0.51432,0.48714,-0.55517,0.43584,
1564803207251600128,50.89215,-30.43744,-0.14530,0.51564,0.48582,-0.55504,0.43592,
1564803208251180032,50.84786,-30.67665,-0.14764,0.51715,0.48445,-0.55519,0.43546,
1564803209250770176,50.80739,-30.91312,-0.14678,0.51796,0.48388,-0.55513,0.43522,
1564803210250360064,50.76679,-31.14922,-0.14575,0.51801,0.48383,-0.55543,0.43482,
1564803211249939968,50.73713,-31.40545,-0.14496,0.51762,0.48495,-0.55433,0.43544,
1564803212249530112,50.70776,-31.65044,-0.14256,0.51651,0.48540,-0.55384,0.43688,
1564803213249110016,50.67032,-31.89212,-0.14326,0.51499,0.48715,-0.55240,0.43856,
1564803214048780032,50.64829,-32.08761,-0.14424,0.51267,0.49028,-0.55012,0.44065,
1564803214848450048,50.64617,-32.28242,-0.14346,0.50831,0.49584,-0.54578,0.44486,
1564803215448199936,50.65434,-32.43344,-0.14353,0.50517,0.50032,-0.54199,0.44802,
1564803216247869952,50.65364,-32.63138,-0.14240,0.50030,0.50540,-0.53783,0.45278,
1564803217047539968,50.66916,-32.83456,-0.14088,-0.49590,-0.51146,0.53189,-0.45780,
1564803217847209984,50.68614,-33.02918,-0.13836,-0.49150,-0.51681,0.52651,-0.46274,
1564803218446959872,50.69656,-33.18180,-0.13820,-0.48748,-0.52111,0.52221,-0.46701,
1564803219246629888,50.71477,-33.38117,-0.13645,0.48434,0.52507,-0.51846,0.47002,
1564803220046299904,50.73248,-33.58193,-0.13421,0.48131,0.52845,-0.51462,0.47355,
1564803220845969920,50.75685,-33.78166,-0.13588,0.47873,0.53175,-0.51136,0.47600,
1564803221645639936,50.78084,-33.99792,-0.13584,0.47525,0.53494,-0.50822,0.47925,
1564803229642329856,50.77265,-34.18788,-0.13994,0.47207,0.53832,-0.50438,0.48266,
1564803231441580032,50.78806,-34.43007,-0.14203,0.46871,0.54175,-0.50010,0.48653,
1564803233040920064,50.82699,-34.66315,-0.14282,0.46563,0.54466,-0.49600,0.49043,
1564803234440339968,50.86473,-34.87261,-0.14307,0.46277,0.54777,-0.49231,0.49337,
1564803235839760128,50.89437,-35.06947,-0.14184,0.45974,0.55059,-0.48899,0.49635,
1564803237239180032,50.90505,-35.24895,-0.14429,0.45670,0.55334,-0.48603,0.49901,
1564803238838520064,50.94822,-35.52881,-0.14160,0.45664,0.55316,-0.48677,0.49854,
1564803239638190080,50.96712,-35.68674,-0.14210,0.45907,0.55118,-0.48984,0.49550,
1564803240437860096,50.97636,-35.82468,-0.13936,0.46181,0.54739,-0.49430,0.49271,
1564803241237530112,50.96824,-35.94973,-0.13919,0.46527,0.54338,-0.49888,0.48927,
1564803242037199872,50.95907,-36.07359,-0.13838,0.46950,0.53896,-0.50395,0.48490,
1564803242836859904,50.94957,-36.19841,-0.13953,0.47380,0.53471,-0.50881,0.48032,
1564803243436620032,50.93942,-36.30365,-0.13823,0.47738,0.53089,-0.51299,0.47655,
1564803244036369920,50.93513,-36.41531,-0.13777,0.48099,0.52745,-0.51694,0.47245,
1564803244636120064,50.91983,-36.52085,-0.13696,0.48443,0.52385,-0.52138,0.46805,
1564803245235869952,50.91004,-36.63115,-0.13499,-0.48874,-0.51959,0.52616,-0.46295,
1564803245635709952,50.89379,-36.70245,-0.13624,-0.49171,-0.51634,0.52947,-0.45965,
1564803246035540224,50.86888,-36.77515,-0.13613,-0.49474,-0.51289,0.53298,-0.45618,
1564803246435379968,50.84571,-36.85010,-0.13350,-0.49792,-0.50955,0.53630,-0.45258,
1564803246835209984,50.82597,-36.93518,-0.13461,0.50122,0.50592,-0.53994,0.44865,
1564803247235049984,50.80237,-37.01408,-0.13490,0.50366,0.50247,-0.54337,0.44565,
1564803247834800128,50.77148,-37.12338,-0.13350,0.50727,0.49757,-0.54764,0.44180,
1564803248434550016,50.73778,-37.24368,-0.13598,0.51100,0.49253,-0.55229,0.43734,
1564803249034300160,50.70413,-37.36042,-0.13686,0.51445,0.48767,-0.55665,0.43320,
1564803249634049792,50.67582,-37.47313,-0.13706,0.51738,0.48413,-0.55970,0.42972,
1564803250233799936,50.62956,-37.58335,-0.13854,0.51951,0.47999,-0.56388,0.42633,
1564803250833560064,50.60378,-37.69940,-0.13911,0.52199,0.47598,-0.56801,0.42230,
1564803251433309952,50.56355,-37.81780,-0.14069,0.52519,0.47126,-0.57222,0.41791,
1564803252033060096,50.52090,-37.94470,-0.14185,0.52859,0.46624,-0.57667,0.41312,
1564803252632810240,50.48416,-38.05060,-0.14273,0.53160,0.46221,-0.58028,0.40871,
1564803253232559872,50.42977,-38.16459,-0.14485,0.53486,0.45802,-0.58280,0.40557,
1564803254232150016,50.36233,-38.33341,-0.14588,0.53719,0.45478,-0.58469,0.40341,
1564803255631570176,50.28721,-38.60967,-0.14481,0.53875,0.45234,-0.58542,0.40302,
1564803256831069952,50.22290,-38.83981,-0.14449,0.54030,0.45074,-0.58647,0.40120,
1564803258430409984,50.14824,-39.12819,-0.13923,0.54211,0.44849,-0.58658,0.40111,
1564803259629910016,50.07776,-39.36658,-0.13531,0.54459,0.44520,-0.58809,0.39921,
1564803261029329920,50.00780,-39.60977,-0.13172,0.54599,0.44314,-0.58988,0.39695,
1564803262428760064,49.93268,-39.86101,-0.13214,0.54639,0.44282,-0.59007,0.39647,
1564803263828179968,49.85519,-40.12242,-0.13238,0.54649,0.44246,-0.59021,0.39652,
1564803265427510016,49.76948,-40.40730,-0.13101,0.54668,0.44218,-0.59139,0.39481,
1564803266826929920,49.70538,-40.64877,-0.12977,0.54570,0.44286,-0.59206,0.39440,
1564803268226360064,49.63537,-40.89974,-0.13236,0.54468,0.44371,-0.59258,0.39408,
1564803269225939968,49.58558,-41.08554,-0.13322,0.54429,0.44416,-0.59234,0.39446,
1564803270225529856,49.52800,-41.27602,-0.13535,0.54453,0.44443,-0.59224,0.39398,
1564803271225110016,49.47463,-41.45332,-0.13683,0.54510,0.44392,-0.59229,0.39368,
1564803272424620032,49.40511,-41.65678,-0.13724,0.54558,0.44293,-0.59248,0.39385,
1564803273624120064,49.33138,-41.87731,-0.13955,0.54591,0.44129,-0.59315,0.39422,
1564803274623709952,49.26525,-42.07256,-0.14218,0.54686,0.43953,-0.59412,0.39342,
1564803275623290112,49.19950,-42.26072,-0.14325,0.54803,0.43812,-0.59457,0.39269,
1564803276622880000,49.14597,-42.44228,-0.13932,0.54946,0.43698,-0.59474,0.39169,
1564803280821139968,49.07702,-42.62806,-0.13643,0.55089,0.43590,-0.59472,0.39092,
1564804085569280000,2.08682,-1.62778,-0.06467,0.19896,0.71320,-0.18450,0.64631,
1564804085969110016,2.20919,-1.67167,-0.06252,0.18698,0.71575,-0.17528,0.64962,
1564804086568870144,2.39867,-1.66788,-0.05798,0.16607,0.72014,-0.15537,0.65550,
1564804086968699904,2.53060,-1.64699,-0.06022,0.14746,0.72400,-0.13779,0.65962,
1564804087568450048,2.70812,-1.58485,-0.06894,0.11121,0.73045,-0.10412,0.66576,
1564804087968290048,2.82530,-1.55964,-0.07478,0.09193,0.73317,-0.08619,0.66827,
1564804088368120064,2.95318,-1.53272,-0.07566,0.07301,0.73429,-0.06898,0.67136,
1564804088767950080,3.06493,-1.54235,-0.06883,0.06919,0.73252,-0.06693,0.67390,
1564804089167789824,3.18258,-1.57985,-0.05819,0.07356,0.72994,-0.07129,0.67579,
1564804089567620096,3.30083,-1.57974,-0.05369,0.06771,0.72957,-0.06575,0.67737,
1564804089967459840,3.40893,-1.60115,-0.05463,0.06250,0.73014,-0.06129,0.67767,
1564804090367290112,3.52138,-1.62985,-0.05591,0.06170,0.73034,-0.06095,0.67755,
1564804090767129856,3.63840,-1.65942,-0.05975,0.06178,0.73064,-0.06118,0.67721,
1564804091166960128,3.75335,-1.68559,-0.06073,0.06184,0.73062,-0.06061,0.67727,
1564804091566800128,3.86278,-1.71599,-0.06143,0.06139,0.73102,-0.06005,0.67693,
1564804091966629888,3.95814,-1.74443,-0.06297,0.06289,0.73113,-0.06097,0.67660,
1564804092366460160,4.03019,-1.76637,-0.06291,0.06348,0.73091,-0.06106,0.67677,
1564804092966219776,4.12144,-1.79537,-0.06255,0.06375,0.73076,-0.06151,0.67687,
1564804093565969920,4.20775,-1.81873,-0.06307,0.06325,0.73069,-0.06033,0.67709,
1564804094365639936,4.31124,-1.84435,-0.06139,0.06232,0.73039,-0.05981,0.67755,
1564804094965390080,4.38137,-1.87415,-0.06050,0.06197,0.73008,-0.06007,0.67788,
1564804095565139968,4.45286,-1.90458,-0.05901,0.06209,0.72984,-0.06095,0.67806,
1564804096164890112,4.52108,-1.92922,-0.05791,0.06134,0.72965,-0.06053,0.67837,
1564804096964560128,4.61073,-1.96190,-0.05774,0.06306,0.72956,-0.06256,0.67812,
1564804097564310016,4.68216,-1.99452,-0.05642,0.06569,0.72921,-0.06499,0.67803,
1564804098164060160,4.75907,-2.03029,-0.05337,0.06813,0.72899,-0.06758,0.67776,
1564804098763809792,4.85707,-2.07282,-0.05278,0.07169,0.72856,-0.07149,0.67746,
1564804099363569920,4.95210,-2.11009,-0.05065,0.07583,0.72799,-0.07437,0.67731,
1564804099763400192,5.01433,-2.13815,-0.05039,0.07682,0.72793,-0.07501,0.67719,
1564804100363149824,5.11456,-2.17481,-0.05060,0.07882,0.72785,-0.07641,0.67689,
1564804100962909952,5.20205,-2.21135,-0.05145,0.08002,0.72775,-0.07748,0.67673,
1564804101562660096,5.28732,-2.24483,-0.05072,0.08058,0.72791,-0.07852,0.67638,
1564804102162409984,5.36952,-2.27695,-0.04973,0.08125,0.72827,-0.07862,0.67590,
1564804102962080000,5.46995,-2.31080,-0.04795,0.08132,0.72874,-0.07878,0.67536,
1564804103761750016,5.57116,-2.34663,-0.04664,0.08218,0.72883,-0.07948,0.67508,
1564804104561420032,5.67346,-2.38285,-0.04587,0.08273,0.72896,-0.07998,0.67482,
1564804105361079808,5.77881,-2.42201,-0.04669,0.08222,0.72943,-0.07987,0.67438,
1564804105960839936,5.85251,-2.45397,-0.04761,0.08247,0.72969,-0.08005,0.67405,
1564804106560590080,5.93636,-2.48731,-0.04820,0.08323,0.72981,-0.08058,0.67376,
1564804107160339968,6.01904,-2.52285,-0.04946,0.08302,0.72987,-0.08121,0.67365,
1564804107760090112,6.10322,-2.55826,-0.04953,0.08464,0.72964,-0.08236,0.67355,
1564804108359840000,6.18638,-2.59323,-0.04897,0.08667,0.72963,-0.08381,0.67313,
1564804108959589888,6.26644,-2.62457,-0.04765,0.08872,0.72964,-0.08517,0.67268,
1564804109559340032,6.35060,-2.65702,-0.04748,0.09125,0.73027,-0.08677,0.67145,
1564804110159100160,6.43839,-2.69084,-0.05015,0.09115,0.73197,-0.08656,0.66964,
1564804110758850048,6.52739,-2.72421,-0.05079,0.09240,0.73297,-0.08811,0.66817,
1564804111358599936,6.61410,-2.75935,-0.05152,0.09337,0.73322,-0.08871,0.66769,
1564804111958349824,6.70596,-2.79378,-0.05131,0.09388,0.73343,-0.08889,0.66736,
1564804112558099968,6.79612,-2.83108,-0.05140,0.09475,0.73263,-0.08997,0.66797,
1564804113157860096,6.88669,-2.86705,-0.05024,0.09676,0.73183,-0.09118,0.66840,
1564804113757609984,6.97149,-2.90200,-0.05048,0.09739,0.73143,-0.09174,0.66866,
1564804114357359872,7.04696,-2.93274,-0.05127,0.09654,0.73117,-0.09129,0.66913,
1564804114957110016,7.13115,-2.96134,-0.05237,0.09531,0.73119,-0.08979,0.66949,
1564804115556859904,7.20962,-2.99551,-0.05109,0.09575,0.73081,-0.09064,0.66972,
1564804116356529920,7.31594,-3.03596,-0.05052,0.09698,0.73009,-0.09096,0.67029,
1564804117156199936,7.40685,-3.07395,-0.04945,0.09791,0.72965,-0.09136,0.67058,
1564804117955869952,7.50535,-3.10898,-0.04775,0.09727,0.72976,-0.09059,0.67065,
1564804118755539968,7.60599,-3.14235,-0.04609,0.09689,0.72973,-0.08979,0.67085,
1564804119555210240,7.72163,-3.18735,-0.04732,0.09578,0.72932,-0.08954,0.67149,
1564804120354880000,7.82488,-3.22588,-0.04664,0.09601,0.72931,-0.08978,0.67144,
1564804121154540032,7.93157,-3.26945,-0.04662,0.09640,0.72892,-0.09065,0.67169,
1564804121954210048,8.03311,-3.31023,-0.04530,0.09738,0.72837,-0.09207,0.67195,
1564804122753880064,8.13430,-3.35038,-0.04275,0.09970,0.72792,-0.09347,0.67190,
1564804123753469952,8.24719,-3.40120,-0.04153,0.10189,0.72764,-0.09588,0.67153,
1564804124553139968,8.34159,-3.44821,-0.04039,0.10378,0.72751,-0.09802,0.67108,
1564804125352809984,8.44622,-3.49689,-0.04238,0.10479,0.72738,-0.09978,0.67081,
1564804126152480000,8.54331,-3.54066,-0.04163,0.10622,0.72753,-0.10086,0.67026,
1564804127152059904,8.65331,-3.59055,-0.03954,0.10835,0.72788,-0.10276,0.66925,
1564804127951729920,8.74282,-3.63338,-0.03895,0.10969,0.72782,-0.10443,0.66883,
1564804128751399936,8.83133,-3.67377,-0.03826,0.11036,0.72798,-0.10514,0.66844,
1564804129551069952,8.92478,-3.71682,-0.03755,0.11068,0.72824,-0.10625,0.66792,
1564804130350739968,9.02486,-3.76168,-0.03948,0.11046,0.72883,-0.10585,0.66739,
1564804131150409984,9.13398,-3.80749,-0.04006,0.11060,0.72923,-0.10624,0.66686,
1564804131950070016,9.24470,-3.85450,-0.04032,0.11128,0.72915,-0.10719,0.66669,
1564804132749739776,9.35138,-3.89907,-0.03977,0.11101,0.72925,-0.10728,0.66660,
1564804133549410048,9.45315,-3.93908,-0.03938,0.11072,0.72946,-0.10666,0.66652,
1564804134349080064,9.55593,-3.98144,-0.04119,0.11014,0.72950,-0.10573,0.66673,
1564804134948829952,9.63210,-4.01942,-0.04131,0.10880,0.72936,-0.10541,0.66715,
1564804135748500224,9.73918,-4.06113,-0.04243,0.10881,0.72920,-0.10451,0.66747,
1564804136348249856,9.81897,-4.09763,-0.04355,0.10756,0.72940,-0.10394,0.66753,
1564804136948009984,9.91509,-4.13280,-0.04403,0.10517,0.73004,-0.10212,0.66750,
1564804137547760128,10.01223,-4.17146,-0.04604,0.10320,0.73085,-0.10056,0.66715,
1564804137947590144,10.07589,-4.19802,-0.04652,0.10211,0.73122,-0.09994,0.66701,
1564804138547340032,10.17549,-4.23584,-0.04556,0.09999,0.73185,-0.09742,0.66702,
1564804139147089920,10.28094,-4.27807,-0.05038,0.09934,0.73230,-0.09621,0.66680,
1564804139746850048,10.39043,-4.31942,-0.05195,0.09908,0.73218,-0.09522,0.66711,
1564804140346599936,10.49942,-4.36262,-0.05268,0.09897,0.73244,-0.09414,0.66699,
1564804140946350080,10.61398,-4.40940,-0.05536,0.09839,0.73222,-0.09416,0.66731,
1564804141746020096,10.74600,-4.45731,-0.05647,0.09678,0.73220,-0.09281,0.66776,
1564804142345769984,10.84517,-4.49213,-0.05795,0.09515,0.73242,-0.09163,0.66792,
1564804142945519872,10.93733,-4.52472,-0.05892,0.09458,0.73268,-0.09065,0.66784,
1564804143745189888,11.05755,-4.56760,-0.05983,0.09371,0.73309,-0.08937,0.66770,
1564804144344940032,11.14975,-4.60452,-0.06129,0.09241,0.73314,-0.08874,0.66790,
1564804144944689920,11.24892,-4.64103,-0.06281,0.09172,0.73316,-0.08799,0.66808,
1564804145544450048,11.35728,-4.67502,-0.06450,0.08973,0.73326,-0.08674,0.66840,
1564804146344110080,11.50249,-4.73224,-0.06699,0.09010,0.73365,-0.08663,0.66793,
1564804146943869952,11.61906,-4.77488,-0.06825,0.09021,0.73381,-0.08631,0.66779,
1564804147543620096,11.73730,-4.82031,-0.07075,0.09102,0.73328,-0.08722,0.66814,
1564804148343290112,11.88750,-4.86950,-0.06927,0.09143,0.73310,-0.08756,0.66823,
1564804148943040000,11.99012,-4.91661,-0.07156,0.09163,0.73274,-0.08808,0.66853,
1564804149942620160,12.15684,-4.97651,-0.07284,0.09157,0.73246,-0.08876,0.66875,
1564804150942210048,12.31386,-5.02855,-0.07268,0.09222,0.73230,-0.08884,0.66883,
1564804151941800192,12.47202,-5.09271,-0.07382,0.09272,0.73251,-0.09010,0.66836,
1564804152941380096,12.62760,-5.15516,-0.07312,0.09410,0.73259,-0.09158,0.66788,
1564804153741050112,12.74768,-5.20320,-0.07413,0.09435,0.73259,-0.09135,0.66788,
1564804154540719872,12.88843,-5.25218,-0.07399,0.09460,0.73255,-0.09133,0.66789,
1564804155140470016,12.99075,-5.29605,-0.07402,0.09469,0.73222,-0.09129,0.66825,
1564804155740220160,13.08956,-5.33767,-0.07417,0.09529,0.73161,-0.09131,0.66882,
1564804156539890176,13.20984,-5.38806,-0.07472,0.09554,0.73127,-0.09211,0.66905,
1564804157339559936,13.32914,-5.44027,-0.07744,0.09592,0.73099,-0.09206,0.66932,
1564804158139229952,13.43164,-5.48053,-0.07559,0.09568,0.73070,-0.09103,0.66980,
1564804158738980096,13.51218,-5.51883,-0.07677,0.09550,0.73076,-0.09055,0.66983,
1564804159538650112,13.61640,-5.56443,-0.07846,0.09464,0.73093,-0.08981,0.66986,
1564804160138400000,13.71942,-5.61531,-0.08217,0.09488,0.73100,-0.09022,0.66970,
1564804160938070016,13.83427,-5.66882,-0.08380,0.09542,0.73078,-0.09094,0.66976,
1564804161737740032,13.94776,-5.72021,-0.08730,0.09565,0.73059,-0.09138,0.66988,
1564804162537410048,14.05914,-5.77077,-0.09053,0.09589,0.73052,-0.09137,0.66992,
1564804163536999936,14.19783,-5.83278,-0.09382,0.09523,0.72974,-0.09133,0.67087,
1564804164736499968,14.34699,-5.89198,-0.09513,0.09536,0.72928,-0.09080,0.67142,
1564804165936000000,14.46835,-5.93980,-0.09223,0.09500,0.72907,-0.09036,0.67176,
1564804166935590144,14.59638,-5.99380,-0.09457,0.09407,0.72940,-0.09039,0.67153,
1564804168534929920,14.79482,-6.05681,-0.09113,0.09398,0.72954,-0.09056,0.67137,
1564804169534509824,14.93465,-6.10761,-0.08851,0.09493,0.72927,-0.09126,0.67144,
1564804170734020096,15.10898,-6.16488,-0.08488,0.09387,0.72992,-0.08970,0.67109,
1564804171733600000,15.23668,-6.21230,-0.08202,0.09345,0.73039,-0.08894,0.67073,
1564804172933100032,15.39519,-6.27002,-0.08643,0.09251,0.73066,-0.08925,0.67053,
1564804174332529920,15.55590,-6.33192,-0.08754,0.09195,0.73094,-0.08958,0.67026,
1564804175931859968,15.71869,-6.39908,-0.08867,0.09241,0.73105,-0.09042,0.66996,
1564804176931449856,15.86203,-6.45493,-0.08876,0.09152,0.73151,-0.09059,0.66956,
1564804177731120128,15.99980,-6.51186,-0.09085,0.09189,0.73181,-0.09088,0.66914,
1564804178730700032,16.18099,-6.57141,-0.08962,0.09123,0.73272,-0.09066,0.66827,
1564804179730289920,16.36116,-6.63397,-0.09186,0.09231,0.73321,-0.09120,0.66751,
1564804180529959936,16.51147,-6.68695,-0.09514,0.09317,0.73371,-0.09131,0.66682,
1564804181129710080,16.61831,-6.73173,-0.09529,0.09333,0.73394,-0.09161,0.66651,
1564804181929379840,16.76087,-6.78297,-0.09437,0.09360,0.73406,-0.09171,0.66633,
1564804182729049856,16.89935,-6.83314,-0.09381,0.09315,0.73435,-0.09260,0.66594,
1564804183728630016,17.02806,-6.88262,-0.09390,0.09358,0.73449,-0.09269,0.66571,
1564804184728219904,17.17225,-6.93459,-0.09510,0.09486,0.73400,-0.09418,0.66587,
1564804185327970048,17.28119,-6.98307,-0.09342,0.09544,0.73325,-0.09498,0.66649,
1564804186127640064,17.40521,-7.03424,-0.09287,0.09589,0.73300,-0.09535,0.66665,
1564804186927310080,17.55654,-7.09191,-0.08992,0.09645,0.73293,-0.09585,0.66658,
1564804187726980096,17.69402,-7.14537,-0.08895,0.09789,0.73265,-0.09667,0.66656,
1564804188326729984,17.80439,-7.19561,-0.09009,0.09863,0.73212,-0.09752,0.66690,
1564804188926480128,17.90948,-7.24528,-0.09105,0.10020,0.73110,-0.09849,0.66764,
1564804189726150144,18.03988,-7.30233,-0.08736,0.09970,0.73062,-0.09845,0.66826,
1564804190325900032,18.13629,-7.34800,-0.08495,0.09998,0.72998,-0.09865,0.66888,
1564804190925649920,18.23505,-7.39356,-0.08489,0.09920,0.72980,-0.09836,0.66924,
1564804191725320192,18.36185,-7.44424,-0.08592,0.09917,0.72955,-0.09818,0.66954,
1564804192524990208,18.47520,-7.48995,-0.08517,0.09870,0.72966,-0.09774,0.66956,
1564804193324659968,18.58321,-7.54198,-0.08786,0.09853,0.72974,-0.09805,0.66945,
1564804194124329984,18.69523,-7.58359,-0.08633,0.09764,0.72972,-0.09649,0.66982,
1564804194924000000,18.80026,-7.63198,-0.08581,0.09641,0.72964,-0.09560,0.67021,
1564804195723670016,18.89496,-7.66913,-0.08597,0.09589,0.72915,-0.09429,0.67101,
1564804196723249920,18.98716,-7.70367,-0.08438,0.09570,0.72869,-0.09199,0.67185,
1564804198122669824,19.16366,-7.76826,-0.08364,0.09395,0.72886,-0.09202,0.67191,
1564804198722429952,19.25608,-7.80690,-0.08581,0.09359,0.72926,-0.09158,0.67159,
1564804199322180096,19.33510,-7.84276,-0.08673,0.09302,0.72924,-0.09147,0.67171,
1564804200121850112,19.44752,-7.88340,-0.08662,0.09261,0.72946,-0.09076,0.67162,
1564804206919030016,19.57190,-7.93310,-0.08343,0.09425,0.72985,-0.09209,0.67079,
1564804209318039808,19.65578,-7.97203,-0.08166,0.09509,0.72982,-0.09225,0.67068,
1564804211117289984,19.77581,-8.01569,-0.08291,0.09520,0.73028,-0.09241,0.67014,
1564804212716630016,19.88591,-8.05822,-0.08245,0.09561,0.73077,-0.09241,0.66955,
1564804215915309824,20.01812,-8.11030,-0.07949,0.09564,0.73133,-0.09294,0.66886,
1564804218714149888,20.15898,-8.16363,-0.07683,0.09572,0.73223,-0.09282,0.66788,
1564804219313900032,20.24776,-8.20210,-0.07793,0.09633,0.73309,-0.09239,0.66690,
1564804219913649920,20.35083,-8.24117,-0.07714,0.09708,0.73320,-0.09218,0.66670,
1564804220313489920,20.44003,-8.28563,-0.07748,0.09529,0.73296,-0.09244,0.66719,
1564804220713319936,20.54643,-8.33375,-0.07928,0.09476,0.73275,-0.09312,0.66740,
1564804221113159936,20.66211,-8.37697,-0.07917,0.09506,0.73297,-0.09337,0.66708,
1564804221512989952,20.79515,-8.42479,-0.07795,0.09647,0.73271,-0.09318,0.66720,
1564804221912820224,20.92652,-8.47650,-0.07694,0.09719,0.73250,-0.09317,0.66733,
1564804222312659968,21.05792,-8.52518,-0.07768,0.09772,0.73210,-0.09317,0.66768,
1564804222912410112,21.26276,-8.59010,-0.07716,0.09838,0.73183,-0.09255,0.66797,
1564804223312239872,21.39419,-8.64304,-0.07744,0.09870,0.73162,-0.09273,0.66813,
1564804223712080128,21.53076,-8.69798,-0.07632,0.09950,0.73110,-0.09350,0.66847,
1564804224111910144,21.66035,-8.75166,-0.07481,0.10037,0.73063,-0.09399,0.66879,
1564804224511749888,21.79559,-8.80825,-0.07488,0.10048,0.73038,-0.09522,0.66886,
1564804224911580160,21.93820,-8.86525,-0.07724,0.09992,0.73052,-0.09598,0.66869,
1564804225311419904,22.07972,-8.92194,-0.07517,0.10056,0.73079,-0.09598,0.66829,
1564804225711250176,22.21676,-8.97722,-0.07398,0.10096,0.73097,-0.09652,0.66797,
1564804226111089920,22.35677,-9.03370,-0.07413,0.10135,0.73124,-0.09624,0.66765,
1564804226510919936,22.48400,-9.08193,-0.07156,0.10116,0.73156,-0.09625,0.66733,
1564804226910749952,22.60060,-9.12668,-0.07055,0.10151,0.73174,-0.09582,0.66714,
1564804227510510080,22.75819,-9.18688,-0.06815,0.10080,0.73150,-0.09610,0.66746,
1564804227910340096,22.85582,-9.23115,-0.06804,0.10056,0.73115,-0.09597,0.66791,
1564804228310179840,22.94667,-9.26822,-0.06520,0.10003,0.73115,-0.09581,0.66801,
1564804228710010112,23.04545,-9.32077,-0.06916,0.09947,0.73071,-0.09597,0.66855,
1564804229109849856,23.14494,-9.36979,-0.07076,0.09858,0.73026,-0.09633,0.66912,
1564804229509680128,23.24447,-9.41723,-0.07105,0.09881,0.72989,-0.09622,0.66951,
1564804229909509888,23.33719,-9.46043,-0.07195,0.09887,0.72963,-0.09612,0.66979,
1564804230309349888,23.43720,-9.50881,-0.07358,0.09896,0.72960,-0.09640,0.66977,
1564804230709180160,23.54241,-9.55386,-0.07470,0.09961,0.72986,-0.09613,0.66943,
1564804231109019904,23.64444,-9.59808,-0.07562,0.09977,0.73046,-0.09599,0.66877,
1564804231508850176,23.74157,-9.64456,-0.07663,0.10024,0.73060,-0.09679,0.66844,
1564804231908689920,23.83990,-9.68962,-0.07750,0.10033,0.73084,-0.09683,0.66816,
1564804232308520192,23.93678,-9.73409,-0.07762,0.10048,0.73088,-0.09694,0.66808,
1564804232908269824,24.07171,-9.78700,-0.07680,0.10050,0.73077,-0.09682,0.66821,
1564804233308110080,24.15732,-9.82829,-0.07573,0.10033,0.73085,-0.09702,0.66811,
1564804233707940096,24.24566,-9.86950,-0.07428,0.10066,0.73066,-0.09673,0.66832,
1564804234107780096,24.33570,-9.91300,-0.07412,0.10001,0.73080,-0.09652,0.66829,
1564804234507610112,24.42488,-9.95638,-0.07496,0.09964,0.73106,-0.09660,0.66806,
1564804235107360000,24.56557,-10.00989,-0.07603,0.09956,0.73154,-0.09583,0.66765,
1564804235507200000,24.65584,-10.04989,-0.07800,0.09970,0.73150,-0.09595,0.66766,
1564804235907030016,24.75010,-10.09263,-0.07815,0.10027,0.73147,-0.09590,0.66761,
1564804236506779904,24.89288,-10.14747,-0.07995,0.10022,0.73121,-0.09560,0.66794,
1564804236906619904,24.98970,-10.18824,-0.08041,0.09959,0.73112,-0.09497,0.66823,
1564804237506370048,25.13900,-10.24082,-0.08051,0.09888,0.73091,-0.09358,0.66876,
1564804238106120192,25.27360,-10.29179,-0.07877,0.09820,0.73054,-0.09259,0.66940,
1564804238705869824,25.40722,-10.34492,-0.07999,0.09685,0.73030,-0.09216,0.66992,
1564804239305619968,25.53967,-10.39709,-0.08201,0.09523,0.73013,-0.09103,0.67049,
1564804239705459968,25.63121,-10.43929,-0.08508,0.09323,0.73023,-0.08950,0.67086,
1564804240305210112,25.77504,-10.48600,-0.08835,0.09073,0.73062,-0.08585,0.67126,
1564804240705039872,25.87983,-10.52921,-0.09290,0.08964,0.73088,-0.08437,0.67131,
1564804241304800000,26.02729,-10.57985,-0.09632,0.08834,0.73103,-0.08213,0.67160,
1564804241904550144,26.16861,-10.62599,-0.09671,0.08896,0.73084,-0.08204,0.67173,
1564804242504300032,26.30093,-10.67405,-0.09581,0.09031,0.73074,-0.08275,0.67158,
1564804243303970048,26.47411,-10.73867,-0.09466,0.09307,0.73053,-0.08442,0.67122,
1564804243903719936,26.61020,-10.79576,-0.09397,0.09383,0.73086,-0.08661,0.67047,
1564804244503469824,26.73461,-10.85454,-0.08924,0.09619,0.73061,-0.09012,0.66995,
1564804245303139840,26.91153,-10.92846,-0.08602,0.09769,0.73054,-0.09318,0.66939,
1564804245902889984,27.04077,-10.98581,-0.08730,0.09934,0.73030,-0.09400,0.66929,
1564804246502640128,27.18145,-11.05125,-0.09174,0.10153,0.73021,-0.09550,0.66885,
1564804247302309888,27.36467,-11.13312,-0.08720,0.10502,0.73040,-0.09875,0.66764,
1564804247902060032,27.48995,-11.19097,-0.08384,0.10750,0.73029,-0.10064,0.66708,
1564804248701730048,27.67002,-11.25919,-0.08537,0.10767,0.73047,-0.10037,0.66689,
1564804249501400064,27.87979,-11.34020,-0.08489,0.10757,0.73055,-0.10042,0.66681,
1564804250301070080,28.09802,-11.42274,-0.08788,0.10583,0.73072,-0.10012,0.66695,
1564804250900819968,28.24873,-11.48245,-0.08837,0.10629,0.73102,-0.09996,0.66658,
1564804251500570112,28.40308,-11.54462,-0.08861,0.10704,0.73138,-0.10053,0.66597,
1564804252100330240,28.55252,-11.61093,-0.08843,0.10762,0.73146,-0.10161,0.66562,
1564804252700079872,28.69692,-11.66961,-0.08530,0.10810,0.73141,-0.10190,0.66556,
1564804253299830016,28.83945,-11.72867,-0.08438,0.10803,0.73145,-0.10163,0.66556,
1564804253899579904,28.97216,-11.78601,-0.08263,0.10797,0.73106,-0.10185,0.66597,
1564804254499330048,29.13394,-11.85575,-0.08446,0.10740,0.73057,-0.10216,0.66656,
1564804255099080192,29.30068,-11.92330,-0.08871,0.10548,0.73109,-0.10104,0.66646,
1564804255498919936,29.40770,-11.96926,-0.08816,0.10496,0.73138,-0.10009,0.66637,
1564804255898749952,29.51222,-12.01519,-0.08830,0.10464,0.73132,-0.09966,0.66655,
1564804256498500096,29.68013,-12.08080,-0.08937,0.10409,0.73123,-0.09968,0.66673,
1564804256898340096,29.78458,-12.13404,-0.09114,0.10336,0.73148,-0.09994,0.66654,
1564804257498089984,29.93880,-12.19044,-0.08930,0.10295,0.73165,-0.09964,0.66646,
1564804258097840128,30.09103,-12.24954,-0.08780,0.10265,0.73172,-0.09904,0.66651,
1564804258697600000,30.22310,-12.30293,-0.08578,0.10189,0.73156,-0.09869,0.66686,
1564804259297349888,30.37136,-12.36037,-0.08413,0.10096,0.73124,-0.09847,0.66738,
1564804259697180160,30.46911,-12.40303,-0.08351,0.10068,0.73101,-0.09851,0.66767,
1564804260097009920,30.56814,-12.44340,-0.08231,0.10057,0.73103,-0.09769,0.66778,
1564804260496849920,30.66325,-12.48303,-0.08092,0.10052,0.73078,-0.09691,0.66818,
1564804260896680192,30.76163,-12.52568,-0.08066,0.10060,0.73057,-0.09674,0.66842,
1564804261496439808,30.91131,-12.58426,-0.08023,0.10020,0.73048,-0.09692,0.66855,
1564804261896270080,31.00412,-12.62881,-0.08110,0.09948,0.73083,-0.09699,0.66827,
1564804262496019968,31.15445,-12.68482,-0.07889,0.09983,0.73097,-0.09683,0.66808,
1564804262895859968,31.25134,-12.72684,-0.07730,0.10022,0.73076,-0.09702,0.66823,
1564804263295689984,31.33617,-12.76398,-0.07524,0.10055,0.73057,-0.09700,0.66839,
1564804263695520000,31.41829,-12.80140,-0.07361,0.10082,0.73048,-0.09705,0.66844,
1564804264095360000,31.50463,-12.84171,-0.07197,0.10101,0.73020,-0.09702,0.66872,
1564804264495190016,31.58696,-12.88225,-0.07003,0.10073,0.72973,-0.09718,0.66926,
1564804264895030016,31.67482,-12.92601,-0.06898,0.10078,0.72966,-0.09763,0.66926,
1564804265494780160,31.80454,-12.97410,-0.06604,0.10137,0.72948,-0.09755,0.66938,
1564804265894619904,31.88849,-13.01001,-0.06340,0.10091,0.72944,-0.09690,0.66958,
1564804266494370048,32.01661,-13.05725,-0.06253,0.10068,0.72950,-0.09602,0.66968,
1564804267094119936,32.14197,-13.10782,-0.06412,0.10007,0.72955,-0.09510,0.66985,
1564804267693870080,32.27102,-13.15923,-0.06184,0.09985,0.72913,-0.09523,0.67032,
1564804268293620224,32.41445,-13.21829,-0.06217,0.09987,0.72911,-0.09525,0.67034,
1564804269093289984,32.61396,-13.28632,-0.06455,0.09980,0.72977,-0.09539,0.66961,
1564804269493129984,32.71015,-13.33134,-0.06528,0.10045,0.73007,-0.09553,0.66916,
1564804270292790016,32.90320,-13.40414,-0.06529,0.10134,0.73038,-0.09649,0.66856,
1564804270892539904,33.02441,-13.45575,-0.06081,0.10233,0.73004,-0.09732,0.66865,
1564804271492300032,33.14619,-13.50971,-0.06207,0.10244,0.73000,-0.09838,0.66852,
1564804272092050176,33.25639,-13.56145,-0.05974,0.10355,0.73010,-0.09946,0.66809,
1564804272491879936,33.33652,-13.60183,-0.05850,0.10432,0.73054,-0.09988,0.66742,
1564804272891719936,33.41809,-13.64442,-0.05828,0.10443,0.73079,-0.10029,0.66707,
1564804273491470080,33.53762,-13.69823,-0.05736,0.10522,0.73085,-0.10139,0.66672,
1564804273891299840,33.62445,-13.74409,-0.05704,0.10490,0.73075,-0.10130,0.66689,
1564804274291140096,33.71483,-13.78936,-0.05784,0.10432,0.73037,-0.10083,0.66747,
1564804274890889984,33.85431,-13.84890,-0.05025,0.10517,0.72947,-0.10207,0.66813,
1564804275490639872,33.99109,-13.91104,-0.04557,0.10554,0.72833,-0.10293,0.66918,
1564804276090390016,34.12628,-13.96652,-0.04510,0.10570,0.72813,-0.10264,0.66942,
1564804276690150144,34.25256,-14.02057,-0.04797,0.10640,0.72821,-0.10203,0.66931,
1564804277289900032,34.38896,-14.08496,-0.05406,0.10576,0.72865,-0.10162,0.66900,
1564804277889650176,34.51912,-14.14537,-0.05913,0.10583,0.72876,-0.10131,0.66891,
1564804278289479936,34.60921,-14.19285,-0.06130,0.10579,0.72853,-0.10152,0.66914,
1564804278889230080,34.74241,-14.25128,-0.06076,0.10553,0.72809,-0.10108,0.66972,
1564804279888819968,34.98068,-14.34434,-0.06255,0.10395,0.72791,-0.09872,0.67052,
1564804280488569856,35.11429,-14.40038,-0.06429,0.10280,0.72811,-0.09733,0.67068,
1564804281488160000,35.33820,-14.47433,-0.06728,0.10033,0.72910,-0.09561,0.67023,
1564804282087909888,35.47638,-14.53271,-0.06961,0.09934,0.72974,-0.09498,0.66977,
1564804282887579904,35.67725,-14.59961,-0.07433,0.09842,0.73101,-0.09395,0.66866,
1564804283487330048,35.84375,-14.65590,-0.07875,0.09763,0.73220,-0.09297,0.66762,
1564804284287000064,36.06310,-14.73810,-0.08747,0.09653,0.73310,-0.09277,0.66682,
1564804285086669824,36.27052,-14.81050,-0.09367,0.09538,0.73374,-0.09101,0.66652,
1564804285886339840,36.46358,-14.87255,-0.09373,0.09439,0.73398,-0.08995,0.66654,
1564804286486089984,36.62437,-14.93525,-0.09817,0.09275,0.73467,-0.08928,0.66610,
1564804287085839872,36.77373,-14.99119,-0.10321,0.09141,0.73469,-0.08744,0.66651,
1564804287685590016,36.94723,-15.05476,-0.10465,0.08925,0.73442,-0.08610,0.66727,
1564804288285340160,37.10594,-15.11742,-0.10935,0.08777,0.73380,-0.08535,0.66825,
1564804288885099776,37.27581,-15.17681,-0.11073,0.08642,0.73338,-0.08372,0.66909,
1564804289484849920,37.44999,-15.23448,-0.11141,0.08582,0.73303,-0.08248,0.66970,
1564804290484430080,37.70424,-15.30485,-0.11189,0.08417,0.73305,-0.08004,0.67019,
1564804291084189952,37.87384,-15.36550,-0.11534,0.08340,0.73229,-0.07969,0.67115,
1564804291883849984,38.08238,-15.43712,-0.11578,0.08389,0.73268,-0.07912,0.67073,
1564804292683520000,38.29899,-15.51141,-0.11517,0.08345,0.73274,-0.07885,0.67075,
1564804293483190016,38.48765,-15.57117,-0.11865,0.08295,0.73309,-0.07915,0.67039,
1564804294282860032,38.69260,-15.62893,-0.11958,0.08346,0.73321,-0.07852,0.67028,
1564804294882610176,38.83420,-15.68000,-0.11570,0.08421,0.73306,-0.07889,0.67031,
1564804295882200064,39.08232,-15.75333,-0.10892,0.08594,0.73272,-0.08081,0.67023,
1564804296681870080,39.27476,-15.82459,-0.10540,0.08703,0.73298,-0.08219,0.66964,
1564804297281619968,39.43764,-15.88775,-0.10584,0.08828,0.73311,-0.08348,0.66917,
1564804298081289984,39.63883,-15.95984,-0.10535,0.09030,0.73350,-0.08524,0.66825,
1564804298880960000,39.84245,-16.03194,-0.10352,0.09132,0.73327,-0.08687,0.66815,
1564804299480710144,40.00343,-16.08515,-0.10316,0.09261,0.73309,-0.08683,0.66818,
1564804300080460032,40.15495,-16.14211,-0.10188,0.09405,0.73291,-0.08812,0.66800,
1564804300680210176,40.31425,-16.20032,-0.09848,0.09447,0.73276,-0.08897,0.66800,
1564804301279959808,40.45374,-16.26019,-0.09835,0.09594,0.73242,-0.09026,0.66799,
1564804301879719936,40.59993,-16.33341,-0.09684,0.09762,0.73175,-0.09290,0.66812,
1564804302479470080,40.74227,-16.39806,-0.09486,0.09910,0.73099,-0.09481,0.66846,
1564804303279140096,40.92569,-16.47697,-0.09367,0.10069,0.73023,-0.09698,0.66874,
1564804304078809856,41.10537,-16.55863,-0.09582,0.10392,0.72908,-0.09964,0.66912,
1564804304878469888,41.27943,-16.63512,-0.09552,0.10576,0.72819,-0.10075,0.66963,
1564804306077980160,41.56354,-16.74171,-0.08665,0.10672,0.72718,-0.10156,0.67045,
1564804306877649920,41.74605,-16.81128,-0.08550,0.10714,0.72694,-0.10137,0.67067,
1564804308077150208,42.00509,-16.90936,-0.08350,0.10688,0.72687,-0.10199,0.67070,
1564804308876819968,42.16221,-16.98312,-0.08149,0.10672,0.72693,-0.10297,0.67051,
1564804309876399872,42.37366,-17.06898,-0.08641,0.10643,0.72740,-0.10342,0.66997,
1564804310676069888,42.54689,-17.13040,-0.08386,0.10603,0.72770,-0.10297,0.66978,
1564804311475739904,42.73334,-17.19854,-0.08972,0.10413,0.72809,-0.10098,0.66996,
1564804312275409920,42.90347,-17.25796,-0.08659,0.10383,0.72855,-0.09936,0.66975,
1564804313075079936,43.07650,-17.32256,-0.08362,0.10399,0.72882,-0.09744,0.66971,
1564804313874749952,43.23701,-17.38844,-0.07932,0.10290,0.72932,-0.09691,0.66941,
1564804315074249984,43.52230,-17.49045,-0.07416,0.10119,0.73059,-0.09716,0.66825,
1564804315873920000,43.73446,-17.56348,-0.07640,0.10059,0.73145,-0.09626,0.66753,
1564804316673590016,43.94609,-17.64008,-0.07422,0.10093,0.73130,-0.09767,0.66744,
1564804317473260032,44.16292,-17.71756,-0.07844,0.10210,0.73149,-0.09923,0.66682,
1564804318472850176,44.40402,-17.80193,-0.07384,0.10480,0.73166,-0.10025,0.66607,
1564804319272520192,44.59464,-17.87208,-0.07435,0.10559,0.73188,-0.10186,0.66546,
1564804320072179968,44.79639,-17.95971,-0.07489,0.10570,0.73123,-0.10371,0.66587,
1564804320671940096,44.96188,-18.02759,-0.07642,0.10567,0.73055,-0.10352,0.66665,
1564804321271689984,45.11537,-18.08770,-0.07693,0.10542,0.72963,-0.10307,0.66776,
1564804321871439872,45.27515,-18.15139,-0.07836,0.10431,0.72901,-0.10299,0.66862,
1564804322471190016,45.43224,-18.22105,-0.08218,0.10368,0.72882,-0.10301,0.66892,
1564804323270860032,45.63979,-18.29228,-0.07679,0.10319,0.72896,-0.10242,0.66894,
1564804323870609920,45.79462,-18.35538,-0.08325,0.10277,0.72905,-0.10229,0.66893,
1564804324470360064,45.94707,-18.41558,-0.08374,0.10179,0.72923,-0.10235,0.66887,
1564804325270030080,46.14497,-18.49382,-0.08224,0.10078,0.72915,-0.10202,0.66916,
1564804325869779968,46.30158,-18.55019,-0.08155,0.10061,0.72930,-0.10126,0.66914,
1564804326669449984,46.48748,-18.62291,-0.08093,0.10058,0.72937,-0.10133,0.66905,
1564804327269200128,46.63345,-18.68296,-0.08289,0.10016,0.72917,-0.10137,0.66933,
1564804328068870144,46.82511,-18.75355,-0.07842,0.10096,0.72954,-0.10115,0.66884,
1564804328668620032,46.96707,-18.81357,-0.07856,0.10136,0.72941,-0.10057,0.66901,
1564804329268379904,47.12047,-18.86774,-0.08074,0.10152,0.72965,-0.10066,0.66871,
1564804329868130048,47.27519,-18.92821,-0.08422,0.10169,0.73008,-0.10098,0.66816,
1564804330467879936,47.42716,-18.99165,-0.08407,0.10198,0.72994,-0.10250,0.66804,
1564804331067630080,47.58450,-19.05400,-0.08613,0.10323,0.73016,-0.10326,0.66749,
1564804331667379968,47.74141,-19.11543,-0.08636,0.10391,0.73044,-0.10409,0.66696,
1564804332267129856,47.90506,-19.18134,-0.08640,0.10450,0.73027,-0.10512,0.66688,
1564804332666970112,48.00658,-19.22743,-0.08674,0.10529,0.73038,-0.10588,0.66652,
1564804333266720000,48.15521,-19.28777,-0.08497,0.10620,0.73031,-0.10627,0.66639,
1564804333866470144,48.30326,-19.33967,-0.08497,0.10614,0.73065,-0.10527,0.66618,
1564804334466219776,48.45831,-19.39580,-0.08469,0.10553,0.73108,-0.10419,0.66598,
1564804335065979904,48.61373,-19.45862,-0.08575,0.10454,0.73126,-0.10357,0.66603,
1564804335665730048,48.77776,-19.51975,-0.08535,0.10422,0.73103,-0.10296,0.66643,
1564804336265479936,48.93838,-19.58790,-0.08888,0.10449,0.73065,-0.10345,0.66673,
1564804336865230080,49.10147,-19.65183,-0.08798,0.10571,0.72996,-0.10462,0.66711,
1564804337464979968,49.27155,-19.71903,-0.08870,0.10779,0.72982,-0.10679,0.66659,
1564804338264649984,49.48195,-19.80563,-0.08791,0.11033,0.72987,-0.10905,0.66575,
1564804339264240128,49.74445,-19.90550,-0.07900,0.11027,0.72997,-0.10971,0.66554,
1564804340463740160,50.07265,-20.03252,-0.07516,0.11188,0.72969,-0.11245,0.66513,
1564804341463330048,50.32272,-20.14811,-0.07248,0.11384,0.72871,-0.11549,0.66534,
1564804342662830080,50.61891,-20.26315,-0.06740,0.11599,0.72723,-0.11627,0.66645,
1564804343662419968,50.86745,-20.35978,-0.06610,0.11674,0.72738,-0.11616,0.66618,
1564804344661999872,51.14927,-20.46108,-0.06619,0.11435,0.72784,-0.11571,0.66617,
1564804345661590016,51.40311,-20.56317,-0.06016,0.11240,0.72660,-0.11577,0.66784,
1564804346661179904,51.65738,-20.64645,-0.06619,0.11111,0.72655,-0.11423,0.66838,
1564804347660759808,51.91074,-20.73023,-0.06616,0.11057,0.72715,-0.11278,0.66806,
1564804348860260096,52.17473,-20.81329,-0.06440,0.11095,0.72734,-0.11224,0.66788,
1564804349859849984,52.40964,-20.90299,-0.06227,0.11164,0.72659,-0.11301,0.66846,
1564804350859440128,52.66758,-21.01499,-0.05967,0.11254,0.72647,-0.11628,0.66787,
1564804352058939904,52.96631,-21.12186,-0.05259,0.11599,0.72632,-0.11863,0.66704,
1564804353258449920,53.27143,-21.24521,-0.05487,0.11997,0.72578,-0.12191,0.66632,
1564804354258029824,53.51995,-21.34887,-0.05286,0.11963,0.72572,-0.12284,0.66628,
1564804355257620224,53.76147,-21.43110,-0.05471,0.11958,0.72627,-0.12291,0.66567,
1564804356257200128,54.01823,-21.52943,-0.05877,0.12232,0.72640,-0.12504,0.66464,
1564804357056869888,54.25671,-21.62500,-0.06039,0.12807,0.72630,-0.12938,0.66283,
1564804357656620032,54.43074,-21.71359,-0.06203,0.13457,0.72571,-0.13619,0.66083,
1564804358056459776,54.54125,-21.78507,-0.06163,0.13998,0.72451,-0.14294,0.65959,
1564804358456290048,54.63552,-21.86012,-0.05929,0.14701,0.72309,-0.15081,0.65786,
1564804358856129792,54.70856,-21.93222,-0.05826,0.15465,0.72128,-0.15921,0.65611,
1564804359255960064,54.76650,-22.00300,-0.05677,0.16254,0.71930,-0.16752,0.65432,
1564804359655800064,54.80714,-22.06017,-0.05645,0.16976,0.71731,-0.17515,0.65267,
1564804360255549952,54.83692,-22.12637,-0.05959,0.17882,0.71481,-0.18463,0.65037,
1564804360855299840,54.87813,-22.18270,-0.05865,0.18850,0.71206,-0.19467,0.64772,
1564804361255130112,54.91153,-22.23312,-0.05989,0.19597,0.70981,-0.20267,0.64552,
1564804361654969856,54.94995,-22.28878,-0.06296,0.20231,0.70779,-0.21033,0.64332,
1564804362054800128,54.98344,-22.33977,-0.06382,0.20918,0.70547,-0.21796,0.64113,
1564804362454639872,55.02769,-22.40347,-0.06484,0.21670,0.70311,-0.22567,0.63855,
1564804362854469888,55.07470,-22.47935,-0.06472,0.22542,0.70011,-0.23462,0.63560,
1564804363254309888,55.11671,-22.55290,-0.06420,0.23404,0.69680,-0.24359,0.63274,
1564804363654139904,55.15902,-22.62589,-0.06294,0.24141,0.69371,-0.25147,0.63028,
1564804363854060032,55.18266,-22.66821,-0.06324,0.24642,0.69176,-0.25647,0.62846,
1564804364053970176,55.20446,-22.71759,-0.06331,0.25327,0.68904,-0.26296,0.62604,
1564804364253890048,55.22694,-22.76515,-0.06351,0.25874,0.68668,-0.26848,0.62406,
1564804364453809920,55.24678,-22.80552,-0.06347,0.26356,0.68458,-0.27320,0.62230,
1564804364853640192,55.28535,-22.88610,-0.06363,0.27112,0.68127,-0.28088,0.61925,
1564804365253479936,55.32387,-22.97377,-0.06283,0.27885,0.67772,-0.28902,0.61596,
1564804365453389824,55.34525,-23.02065,-0.06352,0.28259,0.67577,-0.29333,0.61436,
1564804365653309952,55.36086,-23.06495,-0.06310,0.28689,0.67346,-0.29855,0.61239,
1564804365853230080,55.37863,-23.11539,-0.06311,0.29093,0.67121,-0.30338,0.61058,
1564804366053149952,55.39714,-23.16435,-0.06252,0.29447,0.66931,-0.30719,0.60906,
1564804366452979968,55.42990,-23.25338,-0.06184,0.30192,0.66558,-0.31483,0.60558,
1564804366852819968,55.45856,-23.34429,-0.06221,0.30905,0.66165,-0.32318,0.60188,
1564804367252649984,55.48402,-23.43524,-0.06166,0.31579,0.65739,-0.33187,0.59831,
1564804367652480000,55.50570,-23.52052,-0.06068,0.32310,0.65316,-0.34007,0.59443,
1564804368052320000,55.52720,-23.60447,-0.06146,0.33027,0.64940,-0.34775,0.59015,
1564804368452150016,55.54531,-23.68220,-0.06161,0.33712,0.64529,-0.35533,0.58625,
1564804368851990016,55.55936,-23.75873,-0.06120,0.34377,0.64091,-0.36288,0.58255,
1564804369251820032,55.57086,-23.83274,-0.06089,0.34991,0.63673,-0.37008,0.57895,
1564804369651660032,55.57647,-23.89131,-0.05948,0.35533,0.63319,-0.37597,0.57572,
1564804370051490048,55.58391,-23.95618,-0.05877,0.36146,0.62911,-0.38236,0.57216,
1564804370451330048,55.58918,-24.02048,-0.05812,0.36792,0.62501,-0.38880,0.56818,
1564804370851160064,55.59752,-24.08996,-0.05768,0.37378,0.62132,-0.39485,0.56423,
1564804371250989824,55.60293,-24.15481,-0.05637,0.37949,0.61756,-0.40082,0.56031,
1564804371650830080,55.60709,-24.22923,-0.05543,0.38526,0.61310,-0.40732,0.55657,
1564804372050659840,55.60914,-24.31430,-0.05516,0.39175,0.60804,-0.41466,0.55215,
1564804372450500096,55.60906,-24.39772,-0.05446,0.39748,0.60332,-0.42163,0.54794,
1564804372850330112,55.60661,-24.48826,-0.05337,0.40358,0.59804,-0.42896,0.54357,
1564804373050249984,55.60758,-24.54089,-0.05483,0.40652,0.59558,-0.43258,0.54121,
1564804373450080000,55.60107,-24.62026,-0.05265,0.41210,0.59057,-0.43950,0.53688,
1564804373849920000,55.59457,-24.69980,-0.05179,0.41861,0.58531,-0.44567,0.53250,
1564804374249760000,55.58580,-24.77896,-0.05048,0.42507,0.58027,-0.45195,0.52758,
1564804374649590016,55.57748,-24.85175,-0.05073,0.43034,0.57596,-0.45797,0.52281,
1564804375049420032,55.56441,-24.92507,-0.05074,0.43606,0.57089,-0.46430,0.51803,
1564804375449260032,55.55800,-24.99602,-0.04988,0.44101,0.56663,-0.46969,0.51365,
1564804375849090048,55.54179,-25.06954,-0.05042,0.44716,0.56120,-0.47610,0.50837,
1564804376248930048,55.52554,-25.15446,-0.05119,0.45269,0.55587,-0.48273,0.50305,
1564804376448839936,55.52040,-25.19743,-0.05300,0.45537,0.55336,-0.48584,0.50038,
1564804376648760064,55.51207,-25.24043,-0.05375,0.45846,0.55044,-0.48926,0.49745,
1564804376848679936,55.50355,-25.28815,-0.05449,0.46164,0.54763,-0.49269,0.49421,
1564804377048589824,55.49311,-25.33864,-0.05534,0.46511,0.54438,-0.49647,0.49075,
1564804377248509952,55.48121,-25.38878,-0.05580,0.46796,0.54138,-0.50000,0.48778,
1564804377448430080,55.46856,-25.43305,-0.05478,0.47041,0.53825,-0.50359,0.48518,
1564804377848259840,55.44892,-25.50435,-0.05424,0.47463,0.53336,-0.50884,0.48098,
1564804378248100096,55.42647,-25.57776,-0.05391,0.47922,0.52830,-0.51408,0.47642,
1564804378647929856,55.40603,-25.64135,-0.05371,0.48285,0.52383,-0.51896,0.47237,
1564804379047770112,55.38600,-25.70515,-0.05451,-0.48645,-0.51917,0.52401,-0.46824,
1564804379447599872,55.36339,-25.76788,-0.05428,-0.49089,-0.51417,0.52917,-0.46329,
1564804379847440128,55.34088,-25.83403,-0.05417,-0.49527,-0.50950,0.53396,-0.45827,
1564804380247270144,55.31386,-25.89668,-0.05377,-0.49951,-0.50436,0.53878,-0.45369,
1564804380647099904,55.27911,-25.96150,-0.05203,0.50430,0.49856,-0.54425,0.44823,
1564804381046940160,55.24868,-26.02576,-0.05123,0.50868,0.49352,-0.54897,0.44307,
1564804381246860032,55.23934,-26.06478,-0.05883,0.51071,0.49099,-0.55149,0.44041,
1564804381446769920,55.21838,-26.09941,-0.05222,0.51344,0.48780,-0.55418,0.43738,
1564804381846610176,55.18351,-26.16905,-0.05257,0.51786,0.48192,-0.55933,0.43211,
1564804382246439936,55.14661,-26.23997,-0.05241,0.52267,0.47571,-0.56456,0.42637,
1564804382446360064,55.12785,-26.28230,-0.06089,0.52535,0.47207,-0.56758,0.42309,
1564804382646279936,55.10535,-26.32308,-0.05654,0.52789,0.46883,-0.57024,0.41996,
1564804382846190080,55.08275,-26.36029,-0.05696,0.53081,0.46492,-0.57316,0.41664,
1564804383046109952,55.06110,-26.39756,-0.05718,0.53327,0.46134,-0.57592,0.41366,
1564804383246030080,55.04053,-26.43602,-0.05857,0.53548,0.45800,-0.57850,0.41089,
1564804383445949952,55.01878,-26.47974,-0.05963,0.53771,0.45510,-0.58078,0.40799,
1564804383645859840,54.99735,-26.52342,-0.06022,0.54017,0.45208,-0.58304,0.40485,
1564804383845779968,54.97303,-26.56863,-0.06111,0.54256,0.44881,-0.58548,0.40176,
1564804384245609984,54.92587,-26.65254,-0.06241,0.54634,0.44291,-0.58972,0.39695,
1564804384645450240,54.88247,-26.73665,-0.06380,0.54959,0.43813,-0.59301,0.39286,
1564804385045280000,54.83848,-26.82654,-0.06572,0.55214,0.43445,-0.59532,0.38987,
1564804385445120000,54.79860,-26.92147,-0.06534,0.55379,0.43191,-0.59732,0.38726,
1564804385844950016,54.75922,-27.01303,-0.06515,0.55515,0.42950,-0.59927,0.38499,
1564804386244790016,54.71494,-27.10908,-0.06522,0.55698,0.42630,-0.60171,0.38209,
1564804386644620032,54.67146,-27.20498,-0.06397,0.55919,0.42327,-0.60379,0.37893,
1564804387044460032,54.62743,-27.30182,-0.06094,0.56097,0.42064,-0.60566,0.37623,
1564804387444290048,54.58264,-27.39300,-0.05826,0.56270,0.41730,-0.60779,0.37392,
1564804387844120064,54.53626,-27.48702,-0.05517,0.56499,0.41407,-0.60938,0.37147,
1564804388243959808,54.48766,-27.57959,-0.05221,0.56678,0.41090,-0.61105,0.36950,
1564804388843709952,54.41896,-27.71281,-0.05083,0.56864,0.40779,-0.61310,0.36671,
1564804389443470080,54.35734,-27.85485,-0.05136,0.56850,0.40747,-0.61370,0.36626,
1564804390043209984,54.30973,-28.01254,-0.05029,0.56792,0.41036,-0.61210,0.36661,
1564804390642970112,54.25132,-28.17099,-0.05029,0.56796,0.41120,-0.61252,0.36492,
1564804391242720000,54.18467,-28.32596,-0.04975,0.56923,0.40942,-0.61431,0.36191,
1564804391842469888,54.10906,-28.49136,-0.04961,0.57054,0.40750,-0.61637,0.35848,
1564804392442220032,54.03906,-28.64132,-0.04963,0.57163,0.40511,-0.61851,0.35577,
1564804393041969920,53.97257,-28.78013,-0.04691,0.57331,0.40230,-0.62032,0.35309,
1564804393841639936,53.87915,-28.95226,-0.04621,0.57384,0.39918,-0.62271,0.35156,
1564804394641309952,53.79389,-29.13880,-0.04700,0.57292,0.40088,-0.62186,0.35264,
1564804395241060096,53.73582,-29.30033,-0.04754,0.57216,0.40387,-0.61924,0.35505,
1564804395840809984,53.67198,-29.46025,-0.04991,0.56934,0.40922,-0.61564,0.35970,
1564804396440560128,53.60476,-29.62958,-0.05651,0.56780,0.41295,-0.61242,0.36334,
1564804397040320000,53.54533,-29.79581,-0.05823,0.56707,0.41606,-0.60983,0.36530,
1564804398039900160,53.45941,-30.04660,-0.05767,0.56694,0.41928,-0.60799,0.36487,
1564804399039490048,53.34227,-30.29726,-0.05663,0.56622,0.41781,-0.60870,0.36649,
1564804400039069952,53.23398,-30.55684,-0.05683,0.56528,0.41794,-0.60843,0.36825,
1564804401038660096,53.12905,-30.82758,-0.05841,0.56469,0.41874,-0.60779,0.36929,
1564804402038249984,53.02864,-31.09638,-0.05811,0.56551,0.41739,-0.60882,0.36787,
1564804403037830144,52.93736,-31.33912,-0.05473,0.56769,0.41585,-0.60919,0.36562,
1564804403837500160,52.85154,-31.53679,-0.05301,0.56883,0.41359,-0.61083,0.36367,
1564804404637170176,52.77149,-31.74461,-0.05159,0.56817,0.41457,-0.60981,0.36531,
1564804405436839936,52.69053,-31.95359,-0.05192,0.56714,0.41556,-0.60844,0.36807,
1564804406436430080,52.59122,-32.21072,-0.05115,0.56604,0.41757,-0.60728,0.36939,
1564804407436009984,52.49953,-32.44102,-0.05031,0.56551,0.41760,-0.60723,0.37024,
1564804408235680000,52.42290,-32.62652,-0.05102,0.56622,0.41646,-0.60851,0.36834,
1564804409235270144,52.31744,-32.86236,-0.05416,0.56732,0.41405,-0.61024,0.36649,
1564804410034939904,52.22678,-33.06739,-0.06000,0.56879,0.41110,-0.61225,0.36418,
1564804410834609920,52.13286,-33.27511,-0.06381,0.56936,0.40930,-0.61393,0.36249,
1564804411834189824,52.03669,-33.52155,-0.06585,0.56738,0.41249,-0.61200,0.36523,
1564804412833779968,51.94630,-33.74286,-0.06623,0.56580,0.41407,-0.61095,0.36764,
1564804413833369856,51.85155,-33.96292,-0.06341,0.56526,0.41345,-0.60998,0.37076,
1564804414832950016,51.75537,-34.19331,-0.06257,0.56425,0.41377,-0.60934,0.37298,
1564804415832540160,51.64686,-34.45039,-0.06212,0.56390,0.41403,-0.60841,0.37475,
1564804416632209920,51.56561,-34.66805,-0.06140,0.56286,0.41602,-0.60707,0.37627,
1564804417631789824,51.47390,-34.93118,-0.06323,0.56122,0.41897,-0.60599,0.37719,
1564804418631379968,51.37742,-35.19680,-0.06639,0.55986,0.42056,-0.60625,0.37702,
1564804419431049984,51.29580,-35.39679,-0.06959,0.56028,0.41878,-0.60907,0.37383,
1564804420030800128,51.23112,-35.55032,-0.07014,0.56181,0.41596,-0.61105,0.37144,
1564804421230299904,51.10230,-35.85278,-0.07503,0.56189,0.41509,-0.61203,0.37069,
1564804422029969920,51.01640,-36.07288,-0.07517,0.56194,0.41490,-0.61261,0.36985,
1564804422829639936,50.94080,-36.28866,-0.07317,0.56257,0.41516,-0.61259,0.36864,
1564804423829230080,50.83482,-36.57459,-0.07677,0.56360,0.41582,-0.61195,0.36736,
1564804424628900096,50.74596,-36.81203,-0.07883,0.56388,0.41575,-0.61226,0.36651,
1564804425228649984,50.67146,-37.00166,-0.07874,0.56302,0.41577,-0.61263,0.36718,
1564804426228229888,50.56143,-37.24367,-0.08898,0.56154,0.41833,-0.61100,0.36926,
1564804427627650048,50.44462,-37.53093,-0.09096,0.55954,0.42021,-0.61073,0.37061,
1564804428827159808,50.33736,-37.78367,-0.09070,0.55876,0.42019,-0.61134,0.37080,
1564804430026659840,50.25230,-38.02746,-0.08868,0.56009,0.41940,-0.61080,0.37059,
1564804431226160128,50.15389,-38.27695,-0.08973,0.56100,0.41749,-0.61118,0.37072,
1564804432225750016,50.08329,-38.47608,-0.09296,0.56158,0.41655,-0.61164,0.37015,
1564804433225339904,50.02824,-38.64986,-0.09085,0.56256,0.41641,-0.61196,0.36829,
1564804434624759808,49.95184,-38.85112,-0.09112,0.56402,0.41476,-0.61182,0.36815,
1564804435624339968,49.87438,-39.02896,-0.09187,0.56488,0.41307,-0.61179,0.36879,
1564804436623929856,49.80336,-39.20987,-0.09031,0.56588,0.41269,-0.61149,0.36818,
1564804437823430144,49.72441,-39.42112,-0.09167,0.56669,0.41244,-0.61162,0.36698,
1564804438823020032,49.65361,-39.60023,-0.09278,0.56666,0.41216,-0.61192,0.36684,
1564804440022520064,49.56834,-39.81026,-0.09341,0.56579,0.41301,-0.61160,0.36777,
1564804441222029824,49.49554,-40.01232,-0.09503,0.56509,0.41447,-0.61143,0.36747,
1564804442421530112,49.42518,-40.21277,-0.09708,0.56362,0.41647,-0.61088,0.36839,
1564804443421120000,49.36859,-40.38092,-0.09758,0.56152,0.41883,-0.60994,0.37049,
1564804444420700160,49.31111,-40.56197,-0.09779,0.55938,0.42141,-0.60898,0.37236,
1564804445220370176,49.27275,-40.70707,-0.09956,0.55725,0.42490,-0.60653,0.37557,
1564804445820120064,49.24210,-40.83272,-0.10325,0.55491,0.42799,-0.60435,0.37902,
1564804446619790080,49.20948,-40.98355,-0.10233,0.55300,0.43157,-0.60197,0.38153,
1564804447419460096,49.18079,-41.14090,-0.09872,0.55197,0.43302,-0.60086,0.38313,
1564804448419049984,49.13210,-41.30754,-0.09713,0.55191,0.43333,-0.60076,0.38301,
1564804449218720000,49.08055,-41.43634,-0.09645,0.55348,0.43074,-0.60222,0.38138,
1564804450018380032,49.01541,-41.57623,-0.09604,0.55592,0.42645,-0.60460,0.37888,
1564804451017970176,48.94053,-41.75467,-0.09471,0.55666,0.42407,-0.60554,0.37897,
1564804451817640192,48.88958,-41.91630,-0.09393,0.55589,0.42566,-0.60372,0.38121,
1564804452617309952,48.85140,-42.07652,-0.09575,0.55350,0.42966,-0.60031,0.38556,
1564804453416979968,48.81557,-42.23152,-0.09481,0.55189,0.43282,-0.59779,0.38824,
